,name,status,address,lat,long,id,rating,total ratings,type1,type2,type3,type4,type5,type6,type7,type8,type9,type10
0,Ko Kret,,"Ko Kret, Pak Kret District, Nonthaburi 11120, Thailand",13.9114455,100.4761897,ChIJcaMWWAOF4jAR5z30rLFvg-Y,4.3,412.0,natural_feature,establishment,,,,,,,,
1,MR Kukrit Pramoj House,CLOSED_TEMPORARILY,"19 Naradhiwas Rajanagarindra 7 Alley, Yan Nawa, Sathon, Bangkok 10120, Thailand",13.7202778,100.5336111,ChIJkYhJSzKf4jARdpi3iCipBR0,4.2,328.0,tourist_attraction,museum,point_of_interest,establishment,,,,,,
2,Suan Luang Rama IX,CLOSED_TEMPORARILY,"Chaloem Phrakiat Ratchakan Thi 9 Rd, เเขวง หนองบอน Prawet, Bangkok 10250, Thailand",13.6881362,100.6581362,ChIJu1mpMZRgHTERRNTicTdIHxg,4.7,11672.0,tourist_attraction,park,point_of_interest,establishment,,,,,,
3,Kamthieng House Museum,CLOSED_TEMPORARILY,"131 Asok Montri Rd, Khlong Toei, Watthana, Bangkok 10110, Thailand",13.7393284,100.5612902,ChIJVVVVVeSe4jARhfy8f6qXCpE,4.1,135.0,museum,tourist_attraction,point_of_interest,establishment,,,,,,
4,Bangkok Farmers' Market (Gateway Ekkamai),OPERATIONAL,"976, 9 Sukhumvit Rd, Phra Khanong, Khlong Toei, Bangkok 10110, Thailand",13.7191514,100.5853242,ChIJd_4eN6Wf4jARhZGN7Higbig,4.1,115.0,point_of_interest,establishment,,,,,,,,
5,Warehouse 30,OPERATIONAL,"48 Captain Bush Ln, Bang Rak, Bangkok 10500, Thailand",13.7283667,100.5145846,ChIJhbRNuNuY4jARnvfgK79ciCM,4.2,1138.0,art_gallery,tourist_attraction,cafe,restaurant,food,point_of_interest,clothing_store,store,establishment,
6,THE COMMONS,OPERATIONAL,"335 Akkhara Phatsadu Alley, Khwaeng Khlong Tan Nuea, Khet Watthana, Bangkok 10110, Thailand",13.7349737,100.5821383,ChIJmZKsCFOe4jARjZUEQW7WV58,4.4,2850.0,shopping_mall,point_of_interest,establishment,,,,,,,
7,Neilson Hays Library,OPERATIONAL,"195 Thanon Surawong, Suriya Wong, Bang Rak, Bangkok 10500, Thailand",13.7270705,100.523017,ChIJH1bYY9GY4jAR_FWlfQ5kgek,4.5,132.0,library,tourist_attraction,point_of_interest,establishment,,,,,,
8,Phayathai Palace,OPERATIONAL,"315 Ratchawithi Rd, Thung Phaya Thai, Ratchathewi, Bangkok 10400, Thailand",13.7686261,100.5329005,ChIJ4Z0aebKe4jARPd4qGdUFvaA,4.6,651.0,museum,point_of_interest,establishment,,,,,,,
9,Queen Saovabha Memorial Institute,OPERATIONAL,"1871 Rama IV Rd, Pathum Wan, Pathum Wan District, Bangkok 10330, Thailand",13.7323537,100.5327024,ChIJMbJCVyqf4jAR6Trq73lS4-k,4.4,95.0,local_government_office,health,point_of_interest,establishment,,,,,,
10,Lumphini Park,OPERATIONAL,"Rama IV Rd, Lumphini, Pathum Wan District, Bangkok 10330, Thailand",13.7314029,100.5414396,ChIJG7BL7Saf4jARNmn5AQiyAaw,4.5,27371.0,park,point_of_interest,establishment,,,,,,,
11,Samut Prakan Crocodile Farm and Zoo,OPERATIONAL,"หมู่ที่ 7 555 Thai Ban, Mueang Samut Prakan District, Samut Prakan 10270, Thailand",13.5717502,100.5972679,ChIJrelJAECn4jARZflb5aM7BR0,3.6,3419.0,zoo,tourist_attraction,point_of_interest,establishment,,,,,,
12,Children’s Discovery Museum,CLOSED_TEMPORARILY,"810 Kamphaeng Phet 4 Rd, Chatuchak, Bangkok 10900, Thailand",13.8031103,100.5513518,ChIJiYe3uWuc4jARtODfpOuyAhQ,4.4,2304.0,tourist_attraction,museum,point_of_interest,establishment,,,,,,
13,Safari World,CLOSED_TEMPORARILY,"99 Panya Indra Rd, Sam Wa Tawan Tok, Khlong Sam Wa, Bangkok 10510, Thailand",13.866552,100.7063179,ChIJu3Kvbk1jHTERxDQviagK6ig,4.5,28421.0,zoo,tourist_attraction,point_of_interest,establishment,,,,,,
14,IMAGINIA Playland,CLOSED_TEMPORARILY,"The Emporium Shopping Complex 3rd fl., Sukhumvit 24 Rd., Klongton, Klongtoey, Bangkok 10110, Thailand",13.729784,100.568427,ChIJuXZ27Kyf4jARDelD7jGBKlQ,4.3,454.0,tourist_attraction,point_of_interest,establishment,,,,,,,
15,Siam Amazing Park สยามอะเมซิ่งพาร์ค,CLOSED_TEMPORARILY,"203 Suan Siam Rd, Khan Na Yao, Bangkok 10230, Thailand",13.8059892,100.6923284,ChIJrc78zJBjHTERdLG8EciM5Qs,4.3,9454.0,amusement_park,tourist_attraction,point_of_interest,establishment,,,,,,
16,SEA LIFE Bangkok Ocean World,OPERATIONAL,"B2 Floor, Siam Paragon Building, B1, 991 Rama I Rd, Pathum Wan, Pathum Wan District, Bangkok 10330, Thailand",13.7464945,100.5350722,ChIJH4I85c2e4jARUMYLeiqfBd0,4.5,12507.0,tourist_attraction,aquarium,point_of_interest,establishment,,,,,,
17,Funarium,OPERATIONAL,"111/1 Sukhumvit 26 Alley, Khlong Tan Nuea, Watthana, Bangkok 10120, Thailand",13.7196961,100.5698663,ChIJTze1wQif4jAR_zsNLgm0l9M,4.3,711.0,tourist_attraction,point_of_interest,establishment,,,,,,,
18,KidZania,OPERATIONAL,"991 Rama I Rd, Khwaeng Pathum Wan, Pathum Wan District, Bangkok 10330, Thailand",13.7477778,100.5352778,ChIJo66Bds6e4jARDv_a-Rri3vE,4.3,432.0,amusement_park,tourist_attraction,point_of_interest,establishment,,,,,,
19,Dream World,OPERATIONAL,"62 หมู่ที่ 1 ถนน รังสิต - องครักษ์ Bueng Yitho, Thanyaburi District, Pathum Thani 12130, Thailand",13.9877146,100.6748425,ChIJD_Ph9PF-HTERKo_7Kxa8k0g,4.4,11503.0,amusement_park,parking,point_of_interest,establishment,,,,,,
20,Thanon Khao San,,"Thanon Khao San, Khwaeng Talat Yot, Khet Phra Nakhon, Krung Thep Maha Nakhon 10200, Thailand",13.7589009,100.4972507,ChIJDR23yhKZ4jARdqd5AHsct0A,4.4,141.0,route,,,,,,,,,
21,Chatuchak Park,OPERATIONAL,"ซอย Kamphaeng Phet 3 Rd, Chatuchak, Bangkok 10900, Thailand",13.8077093,100.5533847,ChIJnZuu10Oc4jAR0DkLPbMAAQ8,4.4,3077.0,park,point_of_interest,establishment,,,,,,,
22,Queen Sirikit Park,OPERATIONAL,"200/1 Kamphaeng Phet 2 Rd, Chatuchak, Bangkok 10900, Thailand",13.8075119,100.5505577,ChIJiYe3uWuc4jARYAJGPbMAAR0,4.5,4036.0,park,tourist_attraction,point_of_interest,establishment,,,,,,
23,Science Center for Education and Planetarium,CLOSED_TEMPORARILY,"928 Sukhumvit Rd, Phra Khanong, เขตค ลองเตย Bangkok 10110, Thailand",13.7199964,100.582982,ChIJnUa-d6Wf4jARp1M-LNKpKCw,4.3,718.0,tourist_attraction,museum,point_of_interest,establishment,,,,,,
24,Vachirabenjatas Park,OPERATIONAL,"Kamphaeng Phet 3 Rd, Lat Yao, Chatuchak, Bangkok 10900, Thailand",13.8128693,100.5545288,ChIJTw-JsUKc4jAREpXc3JmuyAE,4.6,6292.0,park,point_of_interest,establishment,,,,,,,
25,Bangkok National Museum,OPERATIONAL,"Na Phra That Alley, Phra Borom Maha Ratchawang, Phra Nakhon, Bangkok 10200, Thailand",13.7581967,100.4918003,ChIJbXZLwgyZ4jARO_0Exd6l_lU,4.5,3799.0,museum,point_of_interest,establishment,,,,,,,
26,Chatuchak Weekend Market,OPERATIONAL,"สวนจตุจักร Kamphaeng Phet 2 Rd, Chatuchak, Bangkok 10900, Thailand",13.7995293,100.549153,ChIJ3fiD6BSc4jARS324hNeR8ZE,4.4,38329.0,point_of_interest,establishment,,,,,,,,
27,Benchasiri Park,CLOSED_TEMPORARILY,"สุขุมวิท22-24 Khlong Tan, Khlong Toei, Bangkok 10110, Thailand",13.7305322,100.5674344,ChIJt9HTSwKf4jARsDoLPbMAAQ8,4.4,4531.0,park,tourist_attraction,point_of_interest,establishment,,,,,,
28,Yaowarat Rd,,"Yaowarat Rd, Krung Thep Maha Nakhon, Thailand",13.7373927,100.5129381,ChIJ95Nh9yGZ4jARAjfcG2uIZFg,4.6,264.0,route,,,,,,,,,
29,Victory Monument,OPERATIONAL,"Phahonyothin Rd, Thanon Phaya Thai, Ratchathewi, Bangkok 10400, Thailand",13.7649084,100.5382846,ChIJgV6P8rCe4jARDeGu63VNWdQ,4.3,8849.0,point_of_interest,establishment,,,,,,,,
30,MBK Center,OPERATIONAL,"444 Phayathai Rd, Wang Mai, Pathum Wan District, Bangkok 10330, Thailand",13.7447109,100.5299944,ChIJ7TZ3I5Of4jAR3lZ2lx-zXkA,4.3,21470.0,shopping_mall,point_of_interest,establishment,,,,,,,
31,The Erawan Museum,OPERATIONAL,"99 Bang Mueang Mai, Mueang Samut Prakan District, Samut Prakan 10270, Thailand",13.6285799,100.5890052,ChIJo-94L-6g4jARk5L_12fOpxg,4.4,6653.0,museum,tourist_attraction,point_of_interest,establishment,,,,,,
32,Museum Siam,OPERATIONAL,"4 Sanam Chai Rd, Phra Borom Maha Ratchawang, Phra Nakhon, Bangkok 10200, Thailand",13.744147,100.494137,ChIJu2YM5gSZ4jARoL7Fey_yXy0,4.5,4483.0,museum,tourist_attraction,point_of_interest,establishment,,,,,,
33,Royal Thai Air Force Museum,OPERATIONAL,"171 Phahonyothin Rd, Sanambin, Don Mueang, Bangkok 10210, Thailand",13.9198989,100.6219872,ChIJX_JYLId9HTERCTFTP3xpi6c,4.6,1201.0,tourist_attraction,museum,point_of_interest,establishment,,,,,,
34,Rattanakosin Island,,"Rattanakosin Island, Wat Ratchabophit, Phra Nakhon, Bangkok 10200, Thailand",13.75,100.5,ChIJH7iU4BCZ4jAROgypWcy1ISQ,4.4,31.0,natural_feature,establishment,,,,,,,,
35,Bangkok Flower Market,OPERATIONAL,"ปากคลองตลาด สน พระราชวัง Bangkok, Thailand",13.7418033,100.4963673,ChIJL-UmnhyZ4jARuwY-UTadgnI,4.3,4884.0,tourist_attraction,point_of_interest,establishment,,,,,,,
36,Pratunam Market,OPERATIONAL,"ตลาดเช้าใบหยก Phayathai Rd, Khwaeng Thanon Phaya Thai, Ratchathewi, Bangkok 10400, Thailand",13.7536318,100.5402642,ChIJsSK-Pc-e4jARb7gqQpPkGlY,4.2,21736.0,clothing_store,point_of_interest,store,establishment,,,,,,
37,National Museum of Royal Barges,OPERATIONAL,"80 1 Arun Amarin Rd, Arun Amarin, Bangkok Noi, Bangkok 10700, Thailand",13.761947,100.4845944,ChIJKe8xeXWZ4jARqJpZQhKighg,4.2,509.0,tourist_attraction,museum,point_of_interest,establishment,,,,,,
38,Benjakitti Park,OPERATIONAL,"Ratchadaphisek Rd, Khlong Toei, Bangkok 10110, Thailand",13.7299639,100.5578198,ChIJmfMfvBuf4jAR9rugvZd5Lyc,4.4,4743.0,park,point_of_interest,establishment,,,,,,,
39,Giant Swing,OPERATIONAL,"239 Dinso Rd, Bang Khun Phrom, Phra Nakhon, Bangkok 10200, Thailand",13.7518072,100.501356,ChIJX49VWsWZ4jARwEYBM0MDXnE,4.6,341.0,tourist_attraction,point_of_interest,establishment,,,,,,,
40,Bangkokian Museum,OPERATIONAL,"273 Saphan Yao Alley, Si Phraya, Bang Rak, Bangkok 10500, Thailand",13.7281433,100.5182074,ChIJR899CdqY4jAR9k0sJXIVHC4,4.5,656.0,museum,tourist_attraction,point_of_interest,establishment,,,,,,
41,Suan Pakkad Palace Museum,OPERATIONAL,"352 Thanon Si Ayutthaya, Thanon Phaya Thai, Ratchathewi, Bangkok 10400, Thailand",13.7568173,100.5374022,ChIJrxZPr9Cf4jARU8CUKdVjObs,4.8,13.0,museum,point_of_interest,establishment,,,,,,,
42,Sanam Luang,OPERATIONAL,"Ratchadamnoen Avenue, Phra Borom Maha Ratchawang, Phra Nakhon, Bangkok 10200, Thailand",13.7567319,100.4947375,ChIJ-WOptA2Z4jARRFoeZFcz_Gk,4.6,18016.0,tourist_attraction,park,point_of_interest,establishment,,,,,,
43,Flow House,OPERATIONAL,"120/1 โครงการ เอ สแควร์ Sukhumvit 26 Alley, Khlong Tan, Khlong Toei, Bangkok 10110, Thailand",13.7203528,100.5672823,ChIJa7oJQA-f4jARSSV0G-L-bLI,4.5,745.0,point_of_interest,establishment,,,,,,,,
44,Pororo Aqua Park,OPERATIONAL,"ชั้น 6 ศูนย์การค้าเซ็นทรัลพลาซา บางนา 585 ซอย บางนา-ตราด 42 Bang Na, Bangkok 10260, Thailand",13.6688522,100.6347013,ChIJezKV7O5fHTERivA9WfWzK64,4.3,1241.0,tourist_attraction,amusement_park,point_of_interest,establishment,,,,,,
45,Bangkok Butterfly Garden and Insectarium,OPERATIONAL,"สวนวิชรเบญจทิศ(สวนรถไฟ Kamphaeng Phet 3 Rd, Lat Yao, Chatuchak, Bangkok 10900, Thailand",13.8095512,100.5549011,ChIJN1kUQ1yc4jARjpGEPYyF0S0,4.0,492.0,museum,tourist_attraction,park,point_of_interest,establishment,,,,,
46,Saen Saep,,"Saen Saep, Bangkok, Thailand",13.7463556,100.5606473,ChIJl5t3scye4jARmBlwO8slkQ0,3.7,52.0,natural_feature,establishment,,,,,,,,
47,Ananta Samakhom Throne Hall,OPERATIONAL,"71 Uthong Nai Alley, Dusit, Dusit District, Bangkok 10300, Thailand",13.7717,100.5131804,ChIJadHfY1uZ4jAR9P_WJy7RmzI,4.5,732.0,tourist_attraction,premise,point_of_interest,establishment,,,,,,
48,Rama VIII Bridge,OPERATIONAL,"Bang Yi Khan, Bang Phlat, Bangkok 10700, Thailand",13.7690298,100.4970684,ChIJnQy1ne2Z4jARflOArLa_Zj0,4.3,68.0,point_of_interest,establishment,,,,,,,,
49,Kwan-Riam Floating Market,OPERATIONAL,"Ramkhamhaeng 185 Alley, Min Buri, Bangkok 10510, Thailand",13.8001604,100.7093385,ChIJF8IG9HVkHTERjxMcy-0ZfcA,4.2,4599.0,tourist_attraction,point_of_interest,establishment,,,,,,,
50,Democracy Monument,OPERATIONAL,"Ratchadamnoen Avenue, Wat Bowon Niwet, Phra Nakhon, Bangkok 10200, Thailand",13.7567046,100.5018897,ChIJcSDAnBSZ4jARttNZeRA3Wec,4.3,4258.0,point_of_interest,establishment,,,,,,,,
51,Chitralada Villa Royal Residence,OPERATIONAL,"Suan Chitlada, Dusit District, Bangkok 10300, Thailand",13.7693694,100.520816,ChIJfx96zk-Z4jAReV15DDQTHmY,4.5,235.0,tourist_attraction,point_of_interest,establishment,,,,,,,
52,SEA LIFE Bangkok Ocean World,OPERATIONAL,"B2 Floor, Siam Paragon Building, B1, 991 Rama I Rd, Pathum Wan, Pathum Wan District, Bangkok 10330, Thailand",13.7464945,100.5350722,ChIJH4I85c2e4jARUMYLeiqfBd0,4.5,12507.0,tourist_attraction,aquarium,point_of_interest,establishment,,,,,,
53,Bangkok City Pillar Shrine ศาลหลักเมืองกรุงเทพมหานคร,OPERATIONAL,"Lak Muang Rd, Khwaeng Phra Borom Maha Ratchawang, Phra Nakhon, Bangkok 10200, Thailand",13.7527348,100.4939037,ChIJbxEMbg6Z4jARJ7AV6fSNNeU,4.7,4700.0,tourist_attraction,place_of_worship,point_of_interest,establishment,,,,,,
54,Santiphap Park,OPERATIONAL,"Ratchawithi Rd, Thanon Phaya Thai, Ratchathewi, Bangkok 10400, Thailand",13.76285,100.5413934,ChIJ144wX7ee4jARIDsLPbMAAQ8,4.4,2294.0,tourist_attraction,park,point_of_interest,establishment,,,,,,
55,Phra Sumen Fort,OPERATIONAL,"Phra Athit Rd, Chana Songkhram, Phra Nakhon, Bangkok 10200, Thailand",13.7639689,100.4957524,ChIJb_OyCXKZ4jARN3QMU-Tnx8I,4.3,1371.0,tourist_attraction,point_of_interest,establishment,,,,,,,
56,Batcat Museum & Toys,OPERATIONAL,"44-40 Ramkhamhaeng 14 Alley, Hua Mak, Bang Kapi District, Bangkok 10240, Thailand",13.7498356,100.6137095,ChIJ67gCkZNhHTERXxlSxW0Un8c,4.1,175.0,tourist_attraction,museum,point_of_interest,establishment,,,,,,
57,Bhumibol 2 Bridge,OPERATIONAL,"Industrial Ring Rd, Bang Ya Phraek, Phra Pradaeng District, Samut Prakan 10130, Thailand",13.6604795,100.5392754,ChIJ5XrMC46h4jARF6_ehy5_zxo,4.6,237.0,point_of_interest,establishment,,,,,,,,
58,สวนน้ำ Fantasia Lagoon (The Mall Korat),OPERATIONAL,"1242 2 Mittraphap Rd, Nai Mueang, Mueang Nakhon Ratchasima District, Nakhon Ratchasima 30080, Thailand",14.9809493,102.0776182,ChIJg5ITWnBNGTERGL-X0NnGzlQ,4.5,43.0,amusement_park,point_of_interest,establishment,,,,,,,
59,King Prajadhipok Museum,OPERATIONAL,"2 Lan Luang Rd, Wat Sommanat, Pom Prap Sattru Phai, Bangkok 10100, Thailand",13.7560987,100.5064773,ChIJQ5p2ehWZ4jARGmpX6vHMs5k,4.6,323.0,tourist_attraction,museum,point_of_interest,establishment,,,,,,
60,Phra Phuttha Yodfa Memorial Bridge,OPERATIONAL,"ถนน ตรีเพชร แขวง Wang Burapha Phirom, Phra Nakhon, Bangkok 10200, Thailand",13.7392652,100.497583,ChIJOTrm4sGZ4jARpSnmEmkDMKs,4.5,132.0,point_of_interest,establishment,,,,,,,,
61,Rattanakosin Exhibition Hall,OPERATIONAL,"100 Ratchadamnoen Klang Rd, Wat Bowon Niwet, Phra Nakhon, Bangkok 10200, Thailand",13.7558541,100.5038224,ChIJGe2dNRSZ4jARXs-hTwCQmFI,4.6,1935.0,museum,tourist_attraction,point_of_interest,establishment,,,,,,
62,Ratchadaphisek Rd,,"Ratchadaphisek Rd, Tambon Lahan Sai, Amphoe Lahan Sai, Chang Wat Buri Ram 31170, Thailand",14.4121936,102.8659527,ChIJ5S-TAZEzGjERfKi2YZlokZc,,,route,,,,,,,,,
63,Thailand Cultural Centre,OPERATIONAL,"14 Thiam Ruam Mit Rd, Huai Khwang, Bangkok 10310, Thailand",13.7664917,100.5737694,ChIJYw5KDoie4jAR3YdTGCyu0kY,4.3,2802.0,point_of_interest,establishment,,,,,,,,
64,Wat Prayun Wongsawat Worawihan,OPERATIONAL,"24 Prajadhipok Rd, Wat Kanlaya, Thon Buri, Bangkok 10600, Thailand",13.7373733,100.4954672,ChIJ036XygKZ4jARO-khn0G0d1I,4.6,1898.0,tourist_attraction,place_of_worship,point_of_interest,establishment,,,,,,
65,Princess Mother Memorial Park,OPERATIONAL,"Somdet Chao Phraya 3 Alley, Khlong San, Bangkok 10600, Thailand",13.7366348,100.4994605,ChIJF1sbjx2Z4jARYDkLPbMAAQ8,4.5,652.0,park,tourist_attraction,point_of_interest,establishment,,,,,,
66,Saranrom Palace Park,OPERATIONAL,"Between the intersection of New Road and Rajini Road Phra Nakhon, Bangkok, Thailand",13.7481435,100.4950017,ChIJ29xTHBCZ4jARW6fp8aK8I-Q,4.4,2010.0,park,tourist_attraction,point_of_interest,establishment,,,,,,
67,Khlong Toei Market,OPERATIONAL,"1 Kasem Rat Rd, Khlong Toei, Bangkok 10110, Thailand",13.7190623,100.5602431,ChIJJdsrARGf4jARhGEaXUWpd-s,4.1,9587.0,tourist_attraction,point_of_interest,establishment,,,,,,,
68,Abhisek Dusit Throne Hall,CLOSED_TEMPORARILY,"Bangkok, จังหวัด กรุงเทพมหานคร 10300, Thailand",13.7735181,100.5131141,ChIJFf87vVuZ4jAR53mK8MjJVmQ,4.2,19.0,tourist_attraction,point_of_interest,establishment,,,,,,,
69,Santi Chai Prakan Public Park,OPERATIONAL,"Phra Athit Rd, Chana Songkhram, Phra Nakhon, Bangkok 10200, Thailand",13.7640578,100.4952696,ChIJ_0J6BXKZ4jAREKhaPbMAAR0,4.4,1875.0,park,tourist_attraction,point_of_interest,establishment,,,,,,
70,Phutthamonthon,OPERATIONAL,"3310 Salaya, Phutthamonthon District, Nakhon Pathom 73170, Thailand",13.776807,100.3210139,ChIJjx3eSm-U4jARRAHmkG5IPLM,4.6,469.0,tourist_attraction,park,point_of_interest,establishment,,,,,,
71,Museum of Floral Culture,OPERATIONAL,"315 Samsen Rd, Khwaeng Thanon Nakhon Chai Si, Dusit District, Bangkok 10300, Thailand",13.789138,100.518518,ChIJ9Zh-K_ub4jAREtRcZiX-T64,4.3,301.0,museum,tourist_attraction,point_of_interest,establishment,,,,,,
72,Krung Thon Bridge (Sang Hi),OPERATIONAL,"Ratchawithi Rd, Khwaeng Wachira Phayaban, Dusit District, Bangkok 10300, Thailand",13.7809795,100.5024834,ChIJTdSuJ3OZ4jARPLjZglHe0n8,4.4,66.0,point_of_interest,establishment,,,,,,,,
73,YoYo Land,OPERATIONAL,"55 ถนน ศรีนครินทร์ Nong Bon, Prawet, Bangkok 10250, Thailand",13.6929436,100.6481416,ChIJtYZ3-3FgHTERuOoRx5YL8as,4.4,1198.0,amusement_park,tourist_attraction,point_of_interest,establishment,,,,,,
74,Queen Sirikit Museum of Textiles,OPERATIONAL,"Kings Palace Bangkok Thailand, Na Phra Lan Rd, Phra Borom Maha Ratchawang, Phra Nakhon, Bangkok 10200, Thailand",13.7519144,100.4907287,ChIJl1NxyA6Z4jARJFwEMEw9eyE,4.6,81.0,museum,tourist_attraction,point_of_interest,establishment,,,,,,
75,MSL Motorsports Land,OPERATIONAL,"1096, 1 Phahonyothin Rd, Chom Phon, Chatuchak, Bangkok 10900, Thailand",13.8204307,100.5657659,ChIJP-mRHlec4jARWcIWw4rSV3Y,4.0,211.0,point_of_interest,establishment,,,,,,,,
76,Thai Film Museum,OPERATIONAL,"94 ม 3 Phutthamonthon Sai 5 Road, Salaya, Phutthamonthon District, Nakhon Pathom 73170, Thailand",13.798912,100.303006,ChIJkb-Hx3iT4jAR99DExIxhfqo,4.5,1215.0,museum,movie_theater,library,tourist_attraction,point_of_interest,establishment,,,,
77,Bang Khun Phrom Palace,CLOSED_TEMPORARILY,"273 Samsen Rd, Wat Sam Phraya, Phra Nakhon, Bangkok 10200, Thailand",13.7684579,100.4996849,ChIJkYPEGm-Z4jARJxSHpxLxx08,4.5,198.0,museum,tourist_attraction,premise,point_of_interest,establishment,,,,,
78,Phra Pin Klao Bridge,OPERATIONAL,"ถนน สมเด็จพระปิ่นเกล้า Arun Amarin, Bangkok Noi, Bangkok 10700, Thailand",13.7619501,100.4908625,ChIJ74AxBc6Z4jARCnvYdWjZLCE,4.5,178.0,point_of_interest,establishment,,,,,,,,
79,Bang Na - Chon Buri Expy,,"Bang Na - Chon Buri Expy, Thailand",13.5906537,100.8241481,ChIJ4Qtt1bdEHTERtB34jjq56cc,,,route,,,,,,,,,
80,Amulet Market,OPERATIONAL,"1 ตรอก Sanam Phra, Phra Borom Maha Ratchawang, Phra Nakhon, Bangkok 10200, Thailand",13.7554495,100.4893269,ChIJLzAIlwuZ4jAR335j6rSmI1A,4.0,996.0,point_of_interest,store,establishment,,,,,,,
81,Chuvit Garden,OPERATIONAL,"Sukhumvit Rd, Khwaeng Khlong Toei, Watthana, Bangkok 10110, Thailand",13.7386707,100.5571646,ChIJZRR0UeGe4jARZZPCgpYj-28,4.2,657.0,park,point_of_interest,establishment,,,,,,,
82,Somdet Phra Srinagarindra Park,OPERATIONAL,"Prachachuen-Parkkred Rd, Tambon Ban Mai, Pak Kret District, Nonthaburi 11120, Thailand",13.9312416,100.5513061,ChIJzWyfx72D4jARW6PTRFR3TnI,4.5,2043.0,tourist_attraction,park,point_of_interest,establishment,,,,,,
83,Princess Maha Chakri Sirindhorn Anthropology Centre,OPERATIONAL,"20 Borommaratchachonnani Rd, Chim Phli, Taling Chan, Bangkok 10170, Thailand",13.7841039,100.458843,ChIJa18LOh6a4jARK7Rwq8bv3c0,4.5,116.0,museum,point_of_interest,establishment,,,,,,,
84,BANGKOK CITYCITY GALLERY,OPERATIONAL,"13/3 Soi Atthakan Prasit, Thung Maha Mek, Sathon, Bangkok 10120, Thailand",13.7235779,100.5446466,ChIJS5RzxCSf4jARGHFyDqJYf8M,4.5,276.0,art_gallery,tourist_attraction,point_of_interest,establishment,,,,,,
85,Bangkok Corrections Museum,OPERATIONAL,"436 Maha Chai Rd, Samran Rat, Phra Nakhon, Bangkok 10200, Thailand",13.7488127,100.5035371,ChIJ_V-xggWZ4jARqNL2G7PkRSc,3.3,59.0,museum,point_of_interest,establishment,,,,,,,
86,Phra Samut Chedi District,,"Phra Samut Chedi District, Samut Prakan 10290, Thailand",13.5737973,100.5521142,ChIJoSQMIi6k4jAR8FAMRTeSAQM,,,administrative_area_level_2,political,,,,,,,,
87,Mahakan Fort,OPERATIONAL,"Maha Chai Rd, Khwaeng Wat Bowon Niwet, Phra Nakhon, Bangkok 10200, Thailand",13.7556481,100.5055304,ChIJvRrYdxWZ4jARp3JWoSGK8Wo,4.3,220.0,tourist_attraction,point_of_interest,establishment,,,,,,,
88,Thai Labour Museum,OPERATIONAL,"ถนน มักกะสัน Makkasan, Ratchathewi, Bangkok 10400, Thailand",13.753118,100.549526,ChIJaconpsGe4jARx7HW5feZUZI,4.1,151.0,tourist_attraction,museum,point_of_interest,establishment,,,,,,
89,Siamese Fighting Fish Gallery,OPERATIONAL,"หมู่ 3, 18/1 ซอยวัดราษฎร์รังสรรค์ เพชรหึงส์, พระประแดง, Samut Prakan 10130, Thailand",13.6998738,100.5627375,ChIJCWRulG-f4jARYXrIxp7AWlg,3.9,571.0,museum,tourist_attraction,point_of_interest,establishment,,,,,,
90,14 October 73 Memorial,OPERATIONAL,"14, 16 Ratchadamnoen Avenue, Khwaeng Wat Bowon Niwet, Khet Phra Nakhon, Bangkok 10200, Thailand",13.7568251,100.4991112,ChIJmXGHHBOZ4jARrWIW5CfTW2A,4.0,426.0,tourist_attraction,point_of_interest,establishment,,,,,,,
91,Bangkok Dolls Shop and Museum,OPERATIONAL,"ติดร้าน7 และคอนโด K J S 85 ซอยหมอเหล็ง 11 ซอยรัชฏภัณฑ์ Makkasan, Ratchathewi, Bangkok 10400, Thailand",13.7593263,100.5467859,ChIJT6jrK7-e4jARPstsI9oAJqY,3.9,53.0,museum,tourist_attraction,point_of_interest,store,establishment,,,,,
92,"Easykart.net โกคาร์ท Go-Karting (Bangkok, RCA Plaza)",CLOSED_TEMPORARILY,"31/11 RCA Plaza, 2nd floor, RCA Alley, Bangkapi, Huai Khwang, Bangkok 10320, Thailand",13.7469041,100.5796179,ChIJl5SueVme4jARTtLZFG4qRI8,4.3,523.0,tourist_attraction,point_of_interest,establishment,,,,,,,
93,Bangkok Port,,"Bangkok Port, Khlong Toei, Bangkok 10110, Thailand",13.7037349,100.5754479,ChIJvaaR5J2f4jARbbXF-zeHptY,4.0,137.0,natural_feature,establishment,,,,,,,,
94,Rama IX Bridge,OPERATIONAL,"Chalerm Maha Nakhon Expy, Bang Phong Phang, Yan Nawa, Bangkok 10120, Thailand",13.6825277,100.517762,ChIJyRxPoWqj4jARZIYKbZXr8Qk,4.5,74.0,point_of_interest,establishment,,,,,,,,
95,Coin Museum,OPERATIONAL,"Chakrabongse Rd, Chana Songkhram, Phra Nakhon, Bangkok 10200, Thailand",13.7590235,100.4947399,ChIJQWNLSw2Z4jARukmqw8Kywss,4.3,71.0,tourist_attraction,finance,museum,point_of_interest,establishment,,,,,
96,Naval Museum,CLOSED_TEMPORARILY,"95 Sukhumvit Rd, Pak Nam, Mueang Samut Prakan District, Samut Prakan 10270, Thailand",13.6097107,100.5960312,ChIJJ4isGseg4jAR7XC3v0Q5Fhk,4.1,228.0,museum,tourist_attraction,point_of_interest,establishment,,,,,,
97,SAC Gallery,OPERATIONAL,"160, 3 Soi Sukhumvit 39, Khlong Tan Nuea, Watthana, Bangkok 10110, Thailand",13.7396755,100.570113,ChIJEyfe5-ee4jAR9BBQe4nJFMo,4.5,133.0,art_gallery,tourist_attraction,museum,point_of_interest,establishment,,,,,
98,Rare Stone Museum,OPERATIONAL,"29/2 ม.1 ถนน รังสิต-ปทุม, บ้านกลาง, เมืองปทุมธานี, Pathum Thani 12000, Thailand",14.005211,100.564068,ChIJMzHZ2QKB4jARl4VHUp61ikU,4.0,39.0,museum,tourist_attraction,point_of_interest,store,establishment,,,,,
99,วังปารุสกวัน,OPERATIONAL,"323 Thanon Si Ayutthaya, Khwaeng Dusit, Dusit District, Bangkok 10300, Thailand",13.7680252,100.5106665,ChIJP_lnL2iZ4jARW00e-2law60,4.6,175.0,tourist_attraction,museum,point_of_interest,establishment,,,,,,
100,Sireeruckhachati Nature Learning Park,OPERATIONAL,"999 Phutthamonthon Sai 4 Rd, Salaya, Phutthamonthon District, Nakhon Pathom 73170, Thailand",13.7900742,100.3184078,ChIJXzToNYiT4jARQBfOpDOJ5WE,4.6,395.0,tourist_attraction,park,point_of_interest,establishment,,,,,,
101,Wat Chakrawatrachawat Woramahawihan (Wat Sam Pluem),OPERATIONAL,"ถนน จักรวรรดิ Chakkrawat, Samphanthawong, Bangkok 10100, Thailand",13.7423604,100.5038541,ChIJXcCcKxmZ4jARrxccBExkbdc,4.3,2511.0,church,place_of_worship,point_of_interest,establishment,,,,,,
102,Siriraj Bimuksthan Museum,OPERATIONAL,"Thanon Wang Lang, Siri Rat, Bangkok Noi, Bangkok 10700, Thailand",13.7596192,100.4869166,ChIJZTT0LnWZ4jAR_yN5TakeAkQ,4.7,186.0,tourist_attraction,museum,point_of_interest,establishment,,,,,,
103,The Grand Palace,OPERATIONAL,"Grand Palace Na Phra Lan Road, Grand Palace Bangkok 10200, Thailand",13.7498558,100.4915765,ChIJPzZsMU6Z4jARQUzvk913bCo,4.5,37792.0,point_of_interest,establishment,,,,,,,,
104,Temple of the Emerald Buddha - Wat Phra Si Rattana Satsadaram / Wat Phra Kaew,CLOSED_TEMPORARILY,"Na Phra Lan Rd, Phra Borom Maha Ratchawang, เขตพ ระนคร Bangkok 10200, Thailand",13.7516435,100.4927041,ChIJ5Wl37g6Z4jARiP4itarBPDQ,4.6,20808.0,tourist_attraction,place_of_worship,point_of_interest,establishment,,,,,,
105,Wat Arun Ratchawararam Ratchaworamahawihan,OPERATIONAL,"158 Thanon Wang Doem, Wat Arun, Bangkok Yai, Bangkok 10600, Thailand",13.7437,100.4889265,ChIJaSv_6gaZ4jARnbiUVn6Z_YY,4.6,27832.0,place_of_worship,point_of_interest,establishment,,,,,,,
106,Wat Traimit Withayaram Worawihan,OPERATIONAL,"661 Charoen Krung Rd, Talat Noi, Samphanthawong, Bangkok 10100, Thailand",13.7379703,100.5137418,ChIJWaoiBdmY4jAReVIX1maq_-I,4.5,14999.0,tourist_attraction,place_of_worship,point_of_interest,establishment,,,,,,
107,Wat Phra Chetuphon (Wat Pho),OPERATIONAL,"2 Sanam Chai Rd, Phra Borom Maha Ratchawang, Phra Nakhon, Bangkok 10200, Thailand",13.7466078,100.4931179,ChIJgcxFcQWZ4jARLsIR9Qia9H0,4.6,24053.0,place_of_worship,point_of_interest,establishment,,,,,,,
108,Bangkok Art and Culture Centre,OPERATIONAL,"939 Rama I Rd, Wang Mai, Pathum Wan District, Bangkok 10330, Thailand",13.7464993,100.5302449,ChIJfWxvUM2e4jARCxWWp4sC0B4,4.5,13020.0,art_gallery,tourist_attraction,point_of_interest,establishment,,,,,,
109,Wat Benchamabophit Dusitwanaram,OPERATIONAL,"69 ถนน พระรามที่ 5 Dusit, Dusit District, Bangkok 10300, Thailand",13.7665623,100.5141391,ChIJvccM01iZ4jARPwr8_uBuM_8,4.6,5329.0,tourist_attraction,place_of_worship,point_of_interest,establishment,,,,,,
110,Wat Saket (Phu Khao Thong),OPERATIONAL,"344 Thanon Chakkraphatdi Phong, Ban Bat, Pom Prap Sattru Phai, Bangkok 10100, Thailand",13.7538637,100.5065459,ChIJP-MtN12Z4jARlEBmga-oF4w,4.7,795.0,place_of_worship,point_of_interest,establishment,,,,,,,
111,Wat Traimit Withayaram Worawihan,OPERATIONAL,"661 Charoen Krung Rd, Talat Noi, Samphanthawong, Bangkok 10100, Thailand",13.7379703,100.5137418,ChIJWaoiBdmY4jAReVIX1maq_-I,4.5,14999.0,tourist_attraction,place_of_worship,point_of_interest,establishment,,,,,,
112,Wat Suthat Thepwararam Ratchaworahawihan,OPERATIONAL,"146 Bamrung Mueang Rd, Wat Ratchabophit, Phra Nakhon, Bangkok 10200, Thailand",13.751068,100.5010391,ChIJg-IqNBGZ4jAR0dPx_MR-gTk,4.7,3960.0,tourist_attraction,place_of_worship,point_of_interest,establishment,,,,,,
113,Contemporary Art Gallery,OPERATIONAL,"84 Ratchadamnoen Avenue, Wat Bowon Niwet, Phra Nakhon, Bangkok 10200, Thailand",13.7570672,100.5010571,ChIJN4PkjhSZ4jAR3WolPOGAXxE,4.5,490.0,tourist_attraction,museum,point_of_interest,establishment,,,,,,
114,National Gallery,OPERATIONAL,"4 Chao Fa Rd, Chana Songkhram, Phra Nakhon, Bangkok 10200, Thailand",13.7590737,100.4939671,ChIJAcuELQ2Z4jAR3q0DmU_NKkQ,4.1,778.0,museum,point_of_interest,establishment,,,,,,,
115,Museum of Contemporary Art (MOCA BANGKOK),OPERATIONAL,"499 ถนน กำแพงเพชร 6 Lat Yao, Chatuchak, Bangkok 10900, Thailand",13.8522993,100.5630055,ChIJR5NzOMOc4jAR-zcXjSL3h84,4.7,2266.0,tourist_attraction,museum,point_of_interest,establishment,,,,,,
116,The Queen's Gallery,OPERATIONAL,"101 Ratchadamnoen Klang Rd, Wat Bowon Niwet, Phra Nakhon, Bangkok 10200, Thailand",13.7565268,100.5051546,ChIJW6dIDhWZ4jARS2gURqMBgH4,4.5,319.0,art_gallery,tourist_attraction,museum,point_of_interest,establishment,,,,,
117,Wat Paknam Phasi Charoen,OPERATIONAL,"300 Ratchamongkhon Prasat Alley, Pak Khlong Phasi Charoen, Phasi Charoen, Bangkok 10160, Thailand",13.7217182,100.4704142,ChIJvwXXwEWY4jARC2dj117syBA,4.6,4934.0,place_of_worship,point_of_interest,establishment,,,,,,,
118,"Assumption Cathedral, Bangkok",OPERATIONAL,"57 Oriental Ave, Bang Rak, Bangkok 10500, Thailand",13.723032,100.5148853,ChIJO5jA2sSY4jARp7hvVfp1lgg,4.7,728.0,tourist_attraction,church,place_of_worship,point_of_interest,establishment,,,,,
119,Wat Ratchanatdaram School,OPERATIONAL,"2 Maha Chai Rd, Wat Bowon Niwet, Phra Nakhon, Bangkok 10200, Thailand",13.755244,100.5037202,ChIJIyvsshWZ4jAR-_iuDGUJVpU,4.6,89.0,school,tourist_attraction,point_of_interest,establishment,,,,,,
120,Chamchuri Art Gallery,OPERATIONAL,"Chang Wat Bangkok, จังหวัด กรุงเทพมหานคร 10330, Thailand",13.7415873,100.5296549,ChIJYyw4S9Oe4jAR4Jk3xfX1POM,4.3,94.0,art_gallery,point_of_interest,establishment,,,,,,,
121,Wat Rakhang Kositaram Woramahawihan,OPERATIONAL,"250 Arun Amarin Rd, Siri Rat, Bangkok Noi, Bangkok 10700, Thailand",13.7526918,100.4854434,ChIJxT5_co6e4jARocW49sK8GUA,4.6,3139.0,place_of_worship,point_of_interest,establishment,,,,,,,
122,Erawan Shrine,OPERATIONAL,"494 Ratchadamri Rd, Lumphini, Pathum Wan District, Bangkok 10330, Thailand",13.7441994,100.5407094,ChIJcdjtDNCe4jARVBbi7rkb-jA,4.5,3105.0,tourist_attraction,place_of_worship,point_of_interest,establishment,,,,,,
123,Wat Bowonniwet,OPERATIONAL,"248 Phra Sumen Rd, Wat Bowon Niwet, Phra Nakhon, Bangkok 10200, Thailand",13.760275,100.499871,ChIJ_bd56myZ4jAROGViXBy9vP0,4.7,2655.0,place_of_worship,point_of_interest,establishment,,,,,,,
124,Dusit Maha Prasat Hall,OPERATIONAL,"202 Maha Rat Rd, Phra Borom Maha Ratchawang, Phra Nakhon, Bangkok 10200, Thailand",13.7501107,100.4905262,ChIJ__8vLA-Z4jARQinQa7LGTsc,4.8,196.0,tourist_attraction,point_of_interest,establishment,,,,,,,
125,Wat Mahathat Yuwararangsarit Royal Palace,OPERATIONAL,"3 ถนน ท่าพระจันทร์ Phra Borom Maha Ratchawang, Phra Nakhon, Bangkok 10200, Thailand",13.7551337,100.4908919,ChIJA7PG9AuZ4jARIyvh-TR_wkA,4.6,1507.0,tourist_attraction,place_of_worship,point_of_interest,establishment,,,,,,
126,Thonburi Palace (Old Palace),OPERATIONAL,"1 Thanon Wang Doem, Wat Arun, Bangkok Yai, Bangkok 10600, Thailand",13.7427987,100.4897153,ChIJnYDfpAaZ4jARcN8dBuD-IS8,4.6,453.0,tourist_attraction,museum,point_of_interest,establishment,,,,,,
127,Sri Maha Mariamman Temple,OPERATIONAL,"2 Pan Rd, Khwaeng Silom, Khet Bang Rak, Bangkok 10500, Thailand",13.7242482,100.5229171,ChIJnyXs5dGY4jARxAURliWpDZg,4.6,7048.0,hindu_temple,tourist_attraction,place_of_worship,point_of_interest,establishment,,,,,
128,Wat Ratchabophit Sathitmahasimaram Ratchaworawihan,OPERATIONAL,"2 Fueang Nakhon Rd, แขวง วัดราชบพิธ Phra Nakhon, Bangkok 10200, Thailand",13.7491085,100.497346,ChIJa4tZORCZ4jARdCUEjuI59eo,4.7,2258.0,place_of_worship,point_of_interest,establishment,,,,,,,
129,Amphorn Sathan Residential Hall,OPERATIONAL,"180 Thanon Si Ayutthaya, Dusit, Dusit District, Bangkok 10300, Thailand",13.7724291,100.5113387,ChIJFyOI0b6Z4jARsfP9cjpVXeU,4.4,56.0,point_of_interest,establishment,,,,,,,,
130,Jim Thompson House Museum,OPERATIONAL,"6 Kasem San 2 Alley, Wang Mai, Pathum Wan District, Bangkok 10330, Thailand",13.7493205,100.5282095,ChIJWVT7hDKZ4jARGJOhe21RhOk,4.4,9508.0,tourist_attraction,museum,point_of_interest,establishment,,,,,,
131,Wat Mangkon Kamalawat (Wat Leng Noei Yi),OPERATIONAL,"423 Charoen Krung Rd, Pom Prap, Pom Prap Sattru Phai, Bangkok 10100, Thailand",13.7438243,100.5096357,ChIJZ-IlRCKZ4jARzgWVA3vA_0k,4.5,9568.0,tourist_attraction,place_of_worship,point_of_interest,establishment,,,,,,
132,Wat Kanlayanamit Woramahawihan,OPERATIONAL,"371 ซอย อรุณอมรินทร์ 6 เเขวง วัดกัลยาณ์ Thon Buri, Bangkok 10600, Thailand",13.7406741,100.4917036,ChIJq8s5zwOZ4jARTWSUwdydTfg,4.6,1671.0,place_of_worship,point_of_interest,establishment,,,,,,,
133,Wat Chana Songkhram Ratchaworamahawihan,OPERATIONAL,"Chakrabongse Rd, Chana Songkhram, Phra Nakhon, Bangkok 10200, Thailand",13.7604893,100.4955576,ChIJtQnBbm2Z4jARtZRoAMhvdKw,4.5,2668.0,place_of_worship,point_of_interest,establishment,,,,,,,
134,Chakri Maha Prasat Throne Hall,OPERATIONAL,"200 Maha Rat Rd, Phra Borom Maha Ratchawang, Phra Nakhon, Bangkok 10200, Thailand",13.7500614,100.4912847,ChIJNfNuJA-Z4jARGLI_yKuNzYs,4.7,126.0,tourist_attraction,point_of_interest,establishment,,,,,,,
135,Wat Yannawa,OPERATIONAL,"40 Charoen Krung Rd, Yan Nawa, Sathon, Bangkok 10120, Thailand",13.7174655,100.5134724,ChIJ0a20osaY4jARn4MDBNAhVtM,4.5,2951.0,tourist_attraction,place_of_worship,point_of_interest,establishment,,,,,,
136,Wat Intharawihan (Wat Rai Phrik),OPERATIONAL,"144 ถนน วิสุทธิกษัตริย์ Bang Khun Phrom, Phra Nakhon, Bangkok 10200, Thailand",13.7666595,100.5029667,ChIJ4VPDiQKZ4jARdfHoseVonFk,4.5,1194.0,place_of_worship,point_of_interest,establishment,,,,,,,
137,"Hua Lampong Temple, Thai",OPERATIONAL,"728 Rama IV Rd, Khwaeng Si Phraya, Khet Bang Rak, Bangkok 10500, Thailand",13.7320456,100.5294992,ChIJQeSz1Cqf4jAR4GxPW_MIUbI,4.4,7316.0,place_of_worship,point_of_interest,establishment,,,,,,,
138,Wat Pathum Wanaram Rachaworawihan,OPERATIONAL,"969 Rama I Rd, Khwaeng Pathum Wan, Pathum Wan District, Bangkok 10330, Thailand",13.7460018,100.5370069,ChIJQ7veH86e4jARQ4ENIGGlL0Y,4.6,3309.0,tourist_attraction,place_of_worship,point_of_interest,establishment,,,,,,
139,Saranrom Palace,OPERATIONAL,"Sanam Chai Rd, Phra Borom Maha Ratchawang, Phra Nakhon, Bangkok 10200, Thailand",13.7503515,100.4945525,ChIJAfI3tQ-Z4jAR0q5ZQgnV8DE,4.4,70.0,tourist_attraction,point_of_interest,establishment,,,,,,,
140,Golden Palace Hotel,OPERATIONAL,"In Front Of Soun Yu Van Garden Battambang, Cambodia",13.0923712,103.2041556,ChIJKSx4QZFJBTERy4L5EudWOnk,4.0,28.0,lodging,point_of_interest,establishment,,,,,,,
141,The Artist's House,OPERATIONAL,"309 28 Soi Phet Kasem 28, Khuha Sawan, Phasi Charoen, Bangkok 10160, Thailand",13.7312562,100.4632749,ChIJF6uVAzt9HTEROKM0WKZMU7M,4.5,943.0,tourist_attraction,cafe,food,point_of_interest,establishment,,,,,
142,La Lanta Fine Art,OPERATIONAL,"Unit B, 3rd Floor, 2198/10-11 Narathiwas Rajanakarin Road, Soi 22, Chong Nonsi, Yan Nawa, Bangkok 10120, Thailand",13.7039022,100.5369267,ChIJ88FaZPye4jARr1gKX1a8k5w,4.4,24.0,art_gallery,point_of_interest,establishment,,,,,,,
143,ChangChui,OPERATIONAL,"460/8 Sirindhorn Rd, Bang Phlat, Bangkok 10700, Thailand",13.7892227,100.470725,ChIJ22-CLySa4jARj0CDh5NxNL0,4.1,4851.0,tourist_attraction,cafe,restaurant,food,point_of_interest,store,establishment,,,
144,Devasathan,CLOSED_TEMPORARILY,"268 Dinso Rd, Sao Chingcha, Phra Nakhon, Bangkok 10200, Thailand",13.7524102,100.5006067,ChIJccNQThGZ4jAR5AQAkROwMlM,4.5,235.0,hindu_temple,tourist_attraction,place_of_worship,point_of_interest,establishment,,,,,
145,Wat Ratcha Orasaram Ratchaworawihan (Chom Thong),OPERATIONAL,"Ekkachai Rd, Bang Kho, Chom Thong, Bangkok 10150, Thailand",13.7028706,100.4643025,ChIJz7qUkHKY4jARQu_p9G8xoCo,4.7,634.0,tourist_attraction,place_of_worship,point_of_interest,establishment,,,,,,
146,Wat Phitchaya Yatikaram Worawihan,OPERATIONAL,"Somdet Chao Phraya Rd, Somdet Chao Phraya, Khlong San, Bangkok 10600, Thailand",13.7331612,100.4968464,ChIJbUrqI-OY4jAR-APcUf_x5YU,4.6,898.0,tourist_attraction,place_of_worship,point_of_interest,establishment,,,,,,
147,Wat Thep Sirinthrawat Ratchaworawihan,OPERATIONAL,"1464 Krung Kasem Rd, Wat Thepsirin, Pom Prap Sattru Phai, Bangkok 10100, Thailand",13.7461226,100.515982,ChIJozKHLjuZ4jARn5r5lu1l8dc,4.4,1391.0,place_of_worship,point_of_interest,establishment,,,,,,,
148,The Jam Factory,OPERATIONAL,"41/1-5 Charoen Nakhon Rd, Khlong San, Bangkok 10600, Thailand",13.7293698,100.5100673,ChIJ8yWNLNyY4jAR4FamENayG7o,4.2,1658.0,tourist_attraction,book_store,point_of_interest,store,establishment,,,,,
149,Wat Chaloem Phrakiat Worawihan,OPERATIONAL,"Wat Chaloem Phrakiat Alley, Bang Si Muang, Mueang Nonthaburi District, Nonthaburi 11000, Thailand",13.8480079,100.484395,ChIJGybw1OGa4jAR2kj9WAC84W4,4.6,520.0,place_of_worship,point_of_interest,establishment,,,,,,,
150,"Wat Mahabut (Mae Nak, Phra Khanong)",OPERATIONAL,"ซอย สุขุมวิท 77 Suan Luang, Bangkok 10250, Thailand",13.7148723,100.606661,ChIJobyO3cOf4jARPQkpRZv8O94,4.6,3890.0,tourist_attraction,place_of_worship,point_of_interest,establishment,,,,,,
151,Sathira Dhammasathan Meditation Center,OPERATIONAL,"23 ถนน วัชรพล Tha Raeng, Bang Khen, Bangkok 10230, Thailand",13.8567608,100.6401614,ChIJ6zwY7bdiHTERHE-KyQAeUUg,4.6,830.0,point_of_interest,establishment,,,,,,,,
152,Wat Suwannaram Ratchaworawihan,OPERATIONAL,"ซอย จรัญสนิทวงศ์ 32 Siri Rat, Bangkok Noi, Bangkok 10700, Thailand",13.7633017,100.4768254,ChIJQxYWD5mZ4jARX0fmB7938Jc,4.5,380.0,tourist_attraction,place_of_worship,point_of_interest,establishment,,,,,,
153,Royal Hall of Borom Phiman,OPERATIONAL,"Phra Borom Maha Ratchawang, Phra Nakhon, Bangkok 10200, Thailand",13.7504504,100.4930537,ChIJ44vx_w6Z4jARq0ertA38M0k,4.5,41.0,tourist_attraction,premise,point_of_interest,establishment,,,,,,
154,YELO House,OPERATIONAL,"20, 2 Rama I Rd, Wang Mai, Pathum Wan District, Bangkok 10330, Thailand",13.748893,100.5296076,ChIJvU1v1cye4jARwCOjtxivaVU,4.3,576.0,art_gallery,cafe,restaurant,food,point_of_interest,store,establishment,,,
155,Wat Ratchapradit Sathitmahasimarama Ratchaworawihan (Wat Ratchapradit Sathit Dhammayuttikaram),OPERATIONAL,"ถนนสราญรมย์ Phra Borom Maha Ratchawang, Phra Nakhon, Bangkok 10200, Thailand",13.7496473,100.4955076,ChIJQ4oFJxCZ4jAR9yYUnLy-aS0,4.6,443.0,tourist_attraction,place_of_worship,point_of_interest,establishment,,,,,,
156,Rai Khing temple,,"Rai Khing temple, Tambon Rai Khing, Amphoe Sam Phran, Chang Wat Nakhon Pathom 73210, Thailand",13.742578,100.2598811,ChIJ8zWf0tTq4jARQ3_ZsFoPun0,,,premise,,,,,,,,,
157,Thailand Creative & Design Center (TCDC),CLOSED_TEMPORARILY,"Central Post Office, 1160 Charoen Krung Rd, Bang Rak, Bangkok 10500, Thailand",13.7266985,100.5156235,ChIJ_2a1LQKf4jAR8ya-XxsPfCg,4.7,354.0,tourist_attraction,point_of_interest,establishment,,,,,,,
158,วังจักรพงษ์ Chakrabongse Palace,OPERATIONAL,"Maharaj Road Khwaeng Phra Borom Maha Ratchawang, Phra Nakhon, Bangkok 10200, Thailand",13.7437378,100.4928294,ChIJJdaxjASZ4jARxicmTJswcJs,4.9,8.0,point_of_interest,establishment,,,,,,,,
159,Wat Dhammamongkol,OPERATIONAL,"132 Punnawithi 20, Bang Chak, Phra Khanong, Bangkok 10260, Thailand",13.6878485,100.6151318,ChIJAQEzRf-f4jARR6eNfs8yoGg,4.7,2233.0,tourist_attraction,place_of_worship,point_of_interest,establishment,,,,,,
160,Dev Mandir Temple Hindu Samaj Bangkok,OPERATIONAL,"136, สำราญราษฎร์ 1-2 Siri Phong Rd, Sao Chingcha, Phra Nakhon, Bangkok 10200, Thailand",13.7505674,100.5024803,ChIJn6da2RaZ4jAROhdfiSB9D3U,4.7,195.0,hindu_temple,place_of_worship,point_of_interest,establishment,,,,,,
161,Number 1 Gallery,OPERATIONAL,"19 Soi Silom 21, Silom, Bang Rak, Bangkok 10500, Thailand",13.7211275,100.5186129,ChIJYbz_xs-Y4jAR47MqwMDY87c,4.4,123.0,art_gallery,tourist_attraction,museum,point_of_interest,establishment,,,,,
162,Wat Si Kan,OPERATIONAL,"Thanon Song Prapha, Si Kan, Don Mueang, Bangkok 10210, Thailand",13.9324909,100.5673165,ChIJVVVVVUWC4jAREMbLaTqKdi8,4.2,304.0,place_of_worship,point_of_interest,establishment,,,,,,,
163,Nova Contemporary,OPERATIONAL,"Ground Floor of Baan Somthavil, Soi Mahadlek- Luang 3, Rajdamri Road, Lumpini, Thailand,, Lumphini, Pathum Wan District, Bangkok 10330, Thailand",13.7389562,100.5405614,ChIJ1Vk4Wdee4jARti6xbr7k2no,4.4,38.0,art_gallery,tourist_attraction,museum,point_of_interest,establishment,,,,,
164,Varadis Palace Museum & Library,OPERATIONAL,"204 Lan Luang Rd, Khlong Maha Nak, Pom Prap Sattru Phai, Bangkok 10100, Thailand",13.7556421,100.5128894,ChIJqSH-1jiZ4jAROSG92jGpxcM,4.7,58.0,museum,tourist_attraction,point_of_interest,establishment,,,,,,
165,Gallery VER,OPERATIONAL,"10 ซอย นราธิวาสราชนครินทร์ 22 Chong Nonsi, Yan Nawa, Bangkok 10120, Thailand",13.704095,100.537305,ChIJ2Uwq706f4jARO48YekVBPNU,4.5,52.0,art_gallery,tourist_attraction,museum,point_of_interest,establishment,,,,,
166,Art Centre Silpakorn University,OPERATIONAL,"31 Na Phra Lan Rd, Phra Borom Maha Ratchawang, Phra Nakhon, Bangkok 10200, Thailand",13.7528494,100.4899283,ChIJsQW2s6CZ4jARKCwV_40G50c,4.0,4.0,art_gallery,museum,point_of_interest,establishment,,,,,,
167,Suan Kularb Residential Hall,OPERATIONAL,"253/1 Nakhon Ratchasima Rd, Dusit, Dusit District, Bangkok 10300, Thailand",13.7712517,100.5091781,ChIJA8-xO12Z4jARk52lbEJQNbA,4.4,78.0,tourist_attraction,museum,point_of_interest,establishment,,,,,,
168,Speedy Grandma Gallery,OPERATIONAL,"11 Charoen Krung 24, Talat Noi, Samphanthawong, Bangkok 10100, Thailand",13.7316164,100.5147932,ChIJW4WMcdmY4jARj284GcF6Wk0,4.3,49.0,art_gallery,tourist_attraction,point_of_interest,establishment,,,,,,
169,Wat Rachathiwat,OPERATIONAL,"3 Thanon Samsen, Wachira Phayaban, Dusit District, Bangkok 10300, Thailand",13.7754073,100.5048676,ChIJu7C8zmaZ4jARX1X5DOiyTgk,4.6,467.0,place_of_worship,point_of_interest,establishment,,,,,,,
170,Wat Hong Rattanaram,OPERATIONAL,"102 Itsaraphap Rd, Wat Arun, Bangkok Yai, Bangkok 10600, Thailand",13.7394038,100.4881309,ChIJu5bnneqZ4jARHVg2S_H2pIg,4.7,104.0,place_of_worship,point_of_interest,establishment,,,,,,,
171,Wat Phutthabucha,OPERATIONAL,"172 Phutthabucha 30 Alley, Bang Mot, Thung Khru, Bangkok 10140, Thailand",13.6507759,100.4739125,ChIJN-4JTeOi4jARN_j36UzmZbE,4.5,872.0,place_of_worship,point_of_interest,establishment,,,,,,,
172,Amarindra Winitchai Throne Hall,OPERATIONAL,"200 Maha Rat Rd, Phra Borom Maha Ratchawang, Phra Nakhon, Bangkok 10200, Thailand",13.7500983,100.4920446,ChIJDwTQGw-Z4jARL1emEK5bYQI,5.0,18.0,point_of_interest,establishment,,,,,,,,
173,Wat Wirachot Thammaram,OPERATIONAL,"หมู่ที่ 4 32 Khlong Luang Phaeng, Mueang Chachoengsao District, Chachoengsao 24000, Thailand",13.7591753,100.905426,ChIJLcYp1fBrHTERXx4fsr-ynA4,4.5,1841.0,place_of_worship,point_of_interest,establishment,,,,,,,
174,佛光山泰華寺(วัดไท่ฮัว ฝอกวงซัน/Fo Guang Shan Thaihua Temple),CLOSED_TEMPORARILY,"55 Khu Bon Rd, Bang Chan, Khlong Sam Wa, Bangkok 10510, Thailand",13.8569437,100.6776321,ChIJNc6ETzBjHTERe4S3HhRyaqo,4.7,1277.0,tourist_attraction,place_of_worship,point_of_interest,establishment,,,,,,
175,Wat Anongkharam Worawihan,OPERATIONAL,"41 Somdet Chao Phraya Rd, Somdet Chao Phraya, Khlong San, Bangkok 10600, Thailand",13.7340105,100.4979994,ChIJd5uuBOOY4jARnx-OXn1Nj-c,4.4,593.0,tourist_attraction,place_of_worship,point_of_interest,establishment,,,,,,
176,Wat Ratchasittharam Ratchaworawihan (Wat Plub),OPERATIONAL,"3 Soi Itsaraphap 23, Wat Arun, Bangkok Yai, Bangkok 10600, Thailand",13.7368224,100.4843385,ChIJ8QhHraqZ4jARhpnqs8ZTeMY,4.5,235.0,place_of_worship,point_of_interest,establishment,,,,,,,
177,ASIATIQUE The Riverfront,OPERATIONAL,"2194 Charoen Krung Rd, Wat Phraya Krai, Bang Kho Laem, Bangkok 10120, Thailand",13.7044191,100.5032671,ChIJtepc75aY4jARVvgRfYrM38s,4.3,43773.0,shopping_mall,point_of_interest,establishment,,,,,,,
178,Central World,OPERATIONAL,"4 4 4/1 2 Rama I Rd, Pathum Wan, Pathum Wan District, Bangkok 10330, Thailand",13.7457329,100.5392942,ChIJ4VX0ws-e4jARBGaQ2IACrcQ,4.5,48267.0,shopping_mall,point_of_interest,establishment,,,,,,,
179,Thanon Patpong 1,,"Thanon Patpong 1, Khet Bang Rak, Krung Thep Maha Nakhon 10500, Thailand",13.7288752,100.5317455,ChIJ8zQ8aSuf4jARQM1gFehzSto,4.3,7.0,route,,,,,,,,,
180,Soi Cowboy,,"Soi Cowboy, Khwaeng Khlong Toei Nuea, Khet Watthana, Krung Thep Maha Nakhon 10110, Thailand",13.7369881,100.5625191,ChIJfSD7POOe4jARCrgtHobogBM,4.5,23.0,route,,,,,,,,,
181,Baiyoke Tower II,,"Baiyoke Tower II, Khwaeng Thanon Phaya Thai, Khet Ratchathewi, Krung Thep Maha Nakhon 10400, Thailand",13.7543963,100.5403564,ChIJU3O6gMie4jARgKXH-dAiC-Y,,,premise,,,,,,,,,
182,Vimanmek Mansion,OPERATIONAL,"5 1 Ratchawithi Rd, Dusit, Dusit District, Bangkok 10300, Thailand",13.7740476,100.5123959,ChIJN5jjClyZ4jARpw7EU42xX24,4.1,694.0,tourist_attraction,museum,point_of_interest,establishment,,,,,,
183,MahaNakhon,,"MahaNakhon, Khwaeng Silom, Khet Bang Rak, Krung Thep Maha Nakhon 10500, Thailand",13.724167,100.528333,ChIJyeUPvdKY4jARPTnn7ak4sig,,,premise,,,,,,,,,
184,Patpong Night Market,OPERATIONAL,"Thanon Patpong 1, Suriya Wong, Bang Rak, Bangkok 10500, Thailand",13.7288824,100.5317587,ChIJJdaveyuf4jARV6YL9OLNNR8,3.6,11796.0,tourist_attraction,point_of_interest,establishment,,,,,,,
185,Silom,,"Silom, Bang Rak, Bangkok 10500, Thailand",13.7214231,100.5168806,ChIJ6RMbDcWY4jARdqjZ1SLQlAQ,,,premise,,,,,,,,,
186,Siriraj Medical Museum,OPERATIONAL,"Thailand, Bangkok, Thanon Wang Lang, タ",13.7587943,100.4851128,ChIJq6qqqoaZ4jARanST2cxGKOk,4.2,268.0,tourist_attraction,museum,health,point_of_interest,establishment,,,,,
187,Khlong Lat Mayom Floating Market,OPERATIONAL,"30/1 หมู่ที่ 15 Bang Ramat Rd, Bang Ramat, Taling Chan, Bangkok 10170, Thailand",13.7615033,100.4154929,ChIJzddV98ed4jARsZ7Bi-51v2k,4.3,7920.0,point_of_interest,establishment,,,,,,,,
188,"MRT Blue line, IVS Intervention shaft BV02",OPERATIONAL,"299 Charoen Krung Rd, Pom Prap, Pom Prap Sattru Phai, Bangkok 10100, Thailand",13.7451592,100.5065196,ChIJO4e0cRiZ4jARYCG-lx5AQx0,0.0,0.0,point_of_interest,establishment,,,,,,,,
189,Taling Chan Floating Market,OPERATIONAL,"Thailand, Krung Thep Maha Nakhon, Bangkok, Chim phli Rd",13.7762674,100.4565979,ChIJG3NE3m-Z4jARYgTQb3MpaqY,4.2,918.0,tourist_attraction,point_of_interest,establishment,,,,,,,
190,Bang Nam Phueng Floating Market,OPERATIONAL,"Soi Bua Phueng Phatthana, Bang Kobua, Phra Pradaeng District, Samut Prakan 10130, Thailand",13.6797692,100.5739208,ChIJQ0H2KuOh4jART6AAQJMWgfk,4.5,30.0,point_of_interest,establishment,,,,,,,,
191,Madam Tussaud's Wax Museum,OPERATIONAL,"989 Rama I Rd, Pathum Wan, Pathum Wan District, Bangkok 10330, Thailand",13.7463843,100.5316916,ChIJHQcCZM2e4jARaESgxhA9-HM,4.5,6251.0,museum,point_of_interest,establishment,,,,,,,
192,Srinagarindra Train Night Market,OPERATIONAL,"1 4 Srinagarindra Rd, Nong Bon, Prawet, Bangkok 10250, Thailand",13.693897,100.6511818,ChIJDYDMLHBgHTERm8DRBile97w,4.4,12160.0,point_of_interest,establishment,,,,,,,,
193,Train Night Market Ratchada,OPERATIONAL,"Ratchadaphisek Rd, Din Daeng, Bangkok 10400, Thailand",13.7665714,100.5685571,ChIJXWLwuIie4jARHflkjQu6MCw,4.2,30951.0,tourist_attraction,point_of_interest,establishment,,,,,,,
194,LHONG 1919,OPERATIONAL,"248 Chiang Mai Rd, Khlong San, Bangkok 10600, Thailand",13.7346659,100.5077675,ChIJQWwK59-Y4jARMzM5lcfA4eU,4.2,6224.0,tourist_attraction,restaurant,food,point_of_interest,establishment,,,,,
195,Or Tor Kor Market,OPERATIONAL,"101 Kamphaeng Phet Rd, Chatuchak, Bangkok 10900, Thailand",13.7970933,100.5474699,ChIJw4KnHhSc4jARdq9pN389cO8,4.3,9875.0,tourist_attraction,point_of_interest,establishment,,,,,,,
196,Tha Tian Market,OPERATIONAL,"Maha Rat Rd, Phra Borom Maha Ratchawang, Phra Nakhon, Bangkok 10200, Thailand",13.7460228,100.4908727,ChIJ1U9YwwWZ4jARAbVYcDWp8fs,4.1,765.0,tourist_attraction,point_of_interest,establishment,,,,,,,
197,Sathon Pier,OPERATIONAL,"Silom, Bang Rak, Bangkok 10120, Thailand",13.7186343,100.5127848,ChIJuSd3-MOY4jARxc78ZIH5KK8,4.1,399.0,transit_station,point_of_interest,establishment,,,,,,,
198,Snake Farm (Queen Saovabha Memorial Institute),OPERATIONAL,"1871 Rama IV Rd, Pathum Wan, Pathum Wan District, Bangkok 10330, Thailand",13.7328912,100.5327978,ChIJweRxVyqf4jARVKDgpRxLRkI,4.5,1025.0,veterinary_care,tourist_attraction,point_of_interest,establishment,,,,,,
199,New Lumpinee Boxing Stadium,OPERATIONAL,"6 Ram Inthra Rd, Anusawari, Bang Khen, Bangkok 10220, Thailand",13.8670502,100.6087762,ChIJwXS6niOf4jARlvv0kSxrmY4,4.2,342.0,stadium,tourist_attraction,gym,health,point_of_interest,establishment,,,,
200,Calypso Cabaret,OPERATIONAL,"2194 Charoen Krung Rd, Wat Phraya Krai, Bang Kho Laem, Bangkok 10120, Thailand",13.7039688,100.5036413,ChIJC_6rVr-Y4jARvCOE1WrWCKU,4.1,1495.0,tourist_attraction,point_of_interest,establishment,,,,,,,
201,Elephant Tower,,"Elephant Tower, 3300 Phahonyothin Rd, Khwaeng Chom Phon, Khet Chatuchak, Krung Thep Maha Nakhon 10900, Thailand",13.8253032,100.5683793,ChIJofxksPic4jAR27Cv9o6teSo,,,premise,,,,,,,,,
202,MahaNakhon,,"MahaNakhon, Khwaeng Silom, Khet Bang Rak, Krung Thep Maha Nakhon 10500, Thailand",13.724167,100.528333,ChIJyeUPvdKY4jARPTnn7ak4sig,,,premise,,,,,,,,,
203,Sri Nakhon Khuean Khan Park and Botanical Garden,CLOSED_TEMPORARILY,"73 Soi Wat Rat Rangsan, Bang Kachao, Phra Pradaeng District, Samut Prakan 10130, Thailand",13.6969043,100.5643836,ChIJ_1wg6Xqf4jARwu_tBPmKbmU,4.5,2853.0,tourist_attraction,park,point_of_interest,establishment,,,,,,
204,Thanon Ekkamai,,"Thanon Ekkamai, Khet Watthana, Krung Thep Maha Nakhon 10110, Thailand",13.7234248,100.5846095,ChIJt0N_v7Kf4jARfaq8_0UC7Xg,4.4,26.0,route,,,,,,,,,
205,Wanglang Market (ตลาดวังหลัง),OPERATIONAL,"112 13 ซอย วังหลัง Siri Rat, Bangkok Noi, Bangkok 10700, Thailand",13.7551972,100.4852504,ChIJqZVFQ0CZ4jARcYeRi9n6IJk,4.4,733.0,point_of_interest,establishment,,,,,,,,
206,House of Museums,OPERATIONAL,"170 17 หมู่ที่ 17 Soi Sala Thammasop 3, Sala Thammasop, Thawi Watthana, Bangkok 10170, Thailand",13.7971451,100.391672,ChIJv9kuiiiR4jARU_q9UyIKUaA,4.5,138.0,museum,tourist_attraction,point_of_interest,establishment,,,,,,
207,Sam Sen Nai Philatelic Museum,OPERATIONAL,"2 Phahonyothin Rd, Samsen Nai, Phaya Thai, Bangkok 10400, Thailand",13.7937668,100.5488856,ChIJq_7YARec4jARunHEXeB9l3k,4.3,88.0,museum,point_of_interest,establishment,,,,,,,
208,Siam Serpentarium,OPERATIONAL,"969 Luang Phaeng Rd, Thap Yao, Lat Krabang, Bangkok 10520, Thailand",13.7104041,100.8233597,ChIJDflLT11oHTERnScGdDussIw,4.2,1047.0,museum,point_of_interest,establishment,,,,,,,
209,Museum of Natural History Chulalongkorn University,OPERATIONAL,"254 Phayathai Rd, Wang Mai, Pathum Wan District, Bangkok 10330, Thailand",13.7375088,100.5300019,ChIJP9bfTdOe4jARMrloPFFfmgg,4.6,122.0,tourist_attraction,museum,point_of_interest,establishment,,,,,,
210,Police Museum Parutsakawan Palace,OPERATIONAL,"323 Thanon Si Ayutthaya, Dusit, Dusit District, Bangkok 10300, Thailand",13.7675055,100.5104691,ChIJDb-_BUOZ4jARERRH-4lnlrw,4.7,42.0,museum,point_of_interest,establishment,,,,,,,
211,Prasart Museum,OPERATIONAL,"4 A Krungthep Kritha, Bangkok, จังหวัด กรุงเทพมหานคร 10240, Thailand",13.7420536,100.6533475,ChIJ55VCtrphHTERAdBuK5LRG1A,4.0,53.0,museum,tourist_attraction,point_of_interest,establishment,,,,,,
212,Museum of Human Body,OPERATIONAL,"34 Henri Dunant Rd, Wang Mai, Pathum Wan District, Bangkok 10330, Thailand",13.743486,100.534386,ChIJe_adM9Ke4jAR5m_tL8cImnk,4.4,128.0,museum,tourist_attraction,point_of_interest,establishment,,,,,,
213,พิพิธภัณฑ์ของเล่น Tooney Toy Museum Thailand,OPERATIONAL,"Srisaman 8 Alley, Tambon Ban Mai, Pak Kret District, Nonthaburi 11120, Thailand",13.9347659,100.5617251,ChIJ44kOaU-b4jARG9qpD5jqFWg,4.1,302.0,tourist_attraction,cafe,museum,food,point_of_interest,store,establishment,,,
214,Thai Bank Museum,OPERATIONAL,"พิพิธภัณฑ์ธนาคารไทย 9 อาคาร Ratchadaphisek Rd, Chatuchak, Bangkok 10900, Thailand",13.8273772,100.5647571,ChIJ1YMUO_ic4jAR3JabBdIktIY,4.2,15.0,museum,tourist_attraction,point_of_interest,establishment,,,,,,
215,Suksasom Museum,OPERATIONAL,"2 ถนน พุทธมณฑล สาย 2 Sala Thammasop, Thawi Watthana, Bangkok 10170, Thailand",13.7639444,100.394666,ChIJ95mQ_x-X4jAR4mFpnN183JQ,4.4,213.0,museum,tourist_attraction,point_of_interest,establishment,,,,,,
216,Bangkok Local Museum Samphanthawong District,OPERATIONAL,"1620, 1 So1620/1 Song Wat Rd, 10100ng Wat Rd, Samphanthawong, Bangkok 10100, Thailand",13.7367744,100.5109157,ChIJT6VXCaSZ4jAR335ZHqyDyEY,4.0,1.0,museum,point_of_interest,establishment,,,,,,,
217,Pipit Banglamphu Museum,OPERATIONAL,"Phra Sumen Rd, Chana Songkhram, Phra Nakhon, Bangkok 10200, Thailand",13.7635342,100.4964532,ChIJxaWxmWyZ4jARfSL0xbybyzw,4.4,631.0,tourist_attraction,museum,point_of_interest,establishment,,,,,,
218,Chokchai Museum,OPERATIONAL,"Khu Khot, Lam Luk Ka District, Pathum Thani 12130, Thailand",13.9687916,100.6200629,ChIJCWG8hAJ-HTER8mkrj9Q8q-8,4.1,66.0,museum,tourist_attraction,point_of_interest,establishment,,,,,,
219,Sor Boonsaner Museum,OPERATIONAL,"ซอยกรุงเทพฯ-นนทบุรี 33(เทวรัตน์), ถนนกรุงเทพ-นนทบุรี, เขตบางซื่อ จังหวัดกรุงเทพมหานคร, 10800 10800, Thailand",13.824912,100.530589,ChIJlQJn7H-c4jARYnVIOGenPEs,4.3,6.0,museum,point_of_interest,establishment,,,,,,,
220,Queen Savang Vadhana Museum,OPERATIONAL,"Sra Pathum Palace, 195 Phayathai Rd, Khwaeng Pathum Wan, Pathum Wan District, Bangkok 10330, Thailand",13.7479982,100.5338142,ChIJCy_sTNOe4jARZXYyHEd3PI4,4.2,37.0,museum,tourist_attraction,point_of_interest,establishment,,,,,,
221,Congdon Anatomical Museum,OPERATIONAL,"ตึก กายวิภาค เก่า Anatomy Building Hospital Chang Wat จังหวัด, Siri Rat, Bangkok Noi, Bangkok, Thailand",13.7581653,100.4860186,ChIJs3lCvwqZ4jAR7zKytV46jlk,4.7,92.0,museum,tourist_attraction,point_of_interest,establishment,,,,,,
222,Baan Kudichin Museum,OPERATIONAL,"271 Soi Wat Kanlaya, Wat Kanlaya, Thon Buri, Bangkok 10600, Thailand",13.73938,100.4929905,ChIJ-V9rqgOZ4jARjvFHGX8Q3fk,4.5,195.0,museum,tourist_attraction,point_of_interest,establishment,,,,,,
223,Patpong Museum,OPERATIONAL,"5, 2 Thanon Patpong 1, Suriya Wong, Bang Rak, Bangkok 10500, Thailand",13.7287566,100.5321632,ChIJ67z36Jef4jARIgxVzCbs3F8,4.8,113.0,museum,point_of_interest,establishment,,,,,,,
224,Soil Museum,OPERATIONAL,"Land Development Department, Phahonyothin Rd, Lat Yao, Chatuchak, Bangkok 10200, Thailand",13.8371157,100.5736985,ChIJh4N6veKc4jARe690psTwlHs,4.4,20.0,museum,point_of_interest,establishment,,,,,,,
225,Baan Bang Khen,OPERATIONAL,"17 Phahonyothin Rd, Anusawari, Bang Khen, Bangkok 10220, Thailand",13.863238,100.5885,ChIJIXgBejGd4jARJKoVln1eeTY,4.2,2481.0,museum,point_of_interest,establishment,,,,,,,
226,Royal Dockyard Museum Commemorating 84 Years,OPERATIONAL,"2 Arun Amarin Rd, Siri Rat, Bangkok Noi, Bangkok 10700, Thailand",13.7500015,100.4863016,ChIJu2p1Q6CZ4jARBW_iMKfv2m4,4.3,21.0,museum,tourist_attraction,point_of_interest,establishment,,,,,,
227,Siva Mokkhaphiman Throne Hall,OPERATIONAL,"4 Na Phra That Alley, Phra Borom Maha Ratchawang, Phra Nakhon, Bangkok 10200, Thailand",13.7575767,100.4920939,ChIJO8hO_J6Z4jAR5jC7PER8JlQ,4.7,65.0,museum,point_of_interest,establishment,,,,,,,
228,The National Memorial,OPERATIONAL,"หมู่ที่ 16 9 Phahonyothin Rd, Khu Khot, Lam Luk Ka District, Pathum Thani 12130, Thailand",13.9520747,100.6211061,ChIJ2Shv6_h9HTERFq_Yz0etMMc,4.4,134.0,atm,tourist_attraction,finance,museum,point_of_interest,establishment,,,,
229,Nai Lert Park Heritage Home,OPERATIONAL,"2 2 Witthayu Rd, Lumphini, Pathum Wan District, Bangkok 10330, Thailand",13.7466044,100.5462675,ChIJB4SLWsOe4jAR_eDkedHm7aw,4.6,680.0,museum,tourist_attraction,point_of_interest,establishment,,,,,,
230,Anti Corruption Museum,OPERATIONAL,"Dusit, Dusit District, Bangkok 10300, Thailand",13.7645118,100.512187,ChIJ-1YP-0OZ4jARpLsJl0KRIOM,4.2,146.0,museum,tourist_attraction,point_of_interest,establishment,,,,,,
231,Parasitology Museum,OPERATIONAL,"Siri Rat, Bangkok Noi, Bangkok 10700, Thailand",13.7587886,100.4849122,ChIJaXNzrAqZ4jARS7GMPo9a-zU,4.0,23.0,museum,tourist_attraction,point_of_interest,establishment,,,,,,
232,Kasetsart University Museum of Fisheries (Natural History),OPERATIONAL,"50 คณะประมง มหาวิทยาลัยเกษตรศาสตร์, ถนนพหลโยธิน, เขตจตุจักร จังหวัดกรุงเทพมหานคร, 10900 Thailand",13.8550452,100.5676628,ChIJHb6I0duc4jARRPAs4ly5Dvw,4.1,17.0,museum,point_of_interest,establishment,,,,,,,
233,Royal Thai Army Museum in Honor of His Majesty the King,OPERATIONAL,"Royal Thai Army General Headquarters, 111 Ratchadamnoen Nok Rd, Bang Khun Phrom, Phra Nakhon, Bangkok 10200, Thailand",13.7618555,100.5068051,ChIJ91pezEGZ4jARYPZIkjRZ4W8,3.9,16.0,museum,tourist_attraction,point_of_interest,establishment,,,,,,
234,Condom Museum,OPERATIONAL,"ถนน ติวานนท์ Tambon Bang Khen, Amphoe Mueang Nonthaburi, Chang Wat Nonthaburi 11000, Thailand",13.8528484,100.5302163,ChIJVXjWkEKb4jAReSwIc6lL65Q,3.1,8.0,museum,tourist_attraction,point_of_interest,establishment,,,,,,
235,Thai Red Cross Museum,OPERATIONAL,"1871 Rama IV Rd, Pathum Wan, Pathum Wan District, Bangkok 10330, Thailand",13.732063,100.531854,ChIJI9SE_Cqf4jARHMxbknihKms,4.2,13.0,museum,point_of_interest,establishment,,,,,,,
236,Ellis Pathological Museum,OPERATIONAL,"Siri Rat, Bangkok Noi, Bangkok 10700, Thailand",13.7587878,100.4851453,ChIJHX9urAqZ4jARZxdgQDK4B80,4.5,2.0,museum,point_of_interest,establishment,,,,,,,
237,"Archive and Museum, Mahidol University",OPERATIONAL,"ห้อง 301 ชั้น 3 อาคารศูนย์การเรียนรู้ มหาวิทยาลัยมหิดล ถ.พุทธมณฑลสาย 4 ศาลายา พุทธมณฑล Nakhon Pathom 73170, Thailand",13.794233,100.321198,ChIJ7QqKWomT4jARGPamqYVudkM,5.0,2.0,museum,tourist_attraction,point_of_interest,establishment,,,,,,
238,Chao Phraya Bodindecha Museum (Sing Singhaseni),OPERATIONAL,"40 โรงเรียนบดินทรเดชา (สิงห์ สิงหเสนี Soi Ramkhamhaeng 43/1, Phlabphla, Wang Thonglang, Bangkok 10310, Thailand",13.7705556,100.6152778,ChIJ96Q15AOe4jAR1xSvya3fGGU,4.4,26.0,tourist_attraction,museum,point_of_interest,establishment,,,,,,
239,Herbs Museum Chulalongkorn University,OPERATIONAL,"ชั้น 3 อาคารโอสถศาลา คณะเภสัชศาสตร์ จุฬาลงกรณ์มหาวิทยาลัย, แขวงปทุมวัน เขตปทุมวัน กรุงเทพมหานคร, 10330 10330, Thailand",13.743969,100.5307113,ChIJCT-yw9Ke4jAR1XEIur9e1Sg,4.5,16.0,museum,tourist_attraction,point_of_interest,establishment,,,,,,
240,Thai Newspaper Museum,OPERATIONAL,"299 อาคาร ชาตรีโสภณพนิช Nakhon Ratchasima Rd, Dusit, Dusit District, Bangkok 10300, Thailand",13.7772195,100.5114621,ChIJd3yQwV6Z4jARBVc6ihjCgls,4.6,9.0,museum,tourist_attraction,point_of_interest,establishment,,,,,,
241,"Rock and Mineral Museum, Department of Mineral Resources",OPERATIONAL,"75, Mineral Resources Department, 10 Thanon Rama VI, Thung Phaya Thai, Ratchathewi, Bangkok 10400, Thailand",13.7630466,100.5264637,ChIJaTj5g0uZ4jAR3tywZUQEM5w,4.3,89.0,museum,tourist_attraction,point_of_interest,establishment,,,,,,
242,"Rock and Mineral Museum, Department of Mineral Resources",OPERATIONAL,"75, Mineral Resources Department, 10 Thanon Rama VI, Thung Phaya Thai, Ratchathewi, Bangkok 10400, Thailand",13.7630466,100.5264637,ChIJaTj5g0uZ4jAR3tywZUQEM5w,4.3,89.0,museum,tourist_attraction,point_of_interest,establishment,,,,,,
243,Sunthorn Museum,OPERATIONAL,"82, 40 Sukhaphiban 1 Road, Bang Khae , 10160, Bang Khae, Bangkok 10160, Thailand",13.700665,100.42285,ChIJ7RrOIeSX4jARrNNE5WpQkwU,4.1,17.0,museum,tourist_attraction,point_of_interest,establishment,,,,,,
244,Antique Clock Museum,OPERATIONAL,"202, อาคารเลอคองคอร์ดพลาซ่า ชั้น 3, ถนนรัชดาภิเษก, แขวงห้วยขวาง เขตห้วยขวาง กรุงเทพมหานคร, 10310 10310, Thailand",13.77614,100.574094,ChIJfQEIe4Ce4jARakMwcDjf2qg,4.1,13.0,museum,tourist_attraction,point_of_interest,establishment,,,,,,
245,Princess Sirindhorn Plant Herbarium Building,OPERATIONAL,"อาคารสำนักงานคุ้มครองพันธุ์พืช กรมวิชาการเกษตร, ถนนพหลโยธิน, แขวงลาดยาว เขตจตุจักร กรุงเทพมหานคร, 10900 10900, Thailand",13.8480874,100.5729862,ChIJ0Qvh49-c4jARY2ZPSGoR1bI,4.5,15.0,museum,tourist_attraction,point_of_interest,establishment,,,,,,
246,Thai State Attorney Museum,OPERATIONAL,"10 Lat Phrao 1 Alley, Lane 31, Chom Phon, Chatuchak, Bangkok 10900, Thailand",13.819505,100.574918,ChIJ2dhQSaud4jARhnZ6B5z7IS0,4.4,18.0,museum,tourist_attraction,point_of_interest,establishment,,,,,,
247,Chulalongkorn Univ.Faculty of Dentistry Anatomy Museum,OPERATIONAL,"34 Henri Dunant Rd, Pathum Wan, Pathum Wan District, Bangkok 10330, Thailand",13.7436551,100.5336604,ChIJ0XFyaNKe4jARgDpFP9Jjybk,4.3,3.0,museum,point_of_interest,establishment,,,,,,,
248,Bangkok Metropolitan Museum,OPERATIONAL,"78 Samsen Rd, Wat Sam Phraya, Phra Nakhon, Bangkok 10200, Thailand",13.764146,100.4990666,ChIJ1-SiLmyZ4jARuHkNt60VdVg,4.0,22.0,tourist_attraction,museum,point_of_interest,establishment,,,,,,
249,INVESTORY Investment Discovery Museum,OPERATIONAL,"93 ตลาดหลักทรัพย์แห่งประเทศไทย ถนน รัชดาภิเษก ดินแดง Bangkok 10400, Thailand",13.7638254,100.5675326,ChIJl9A93Y6e4jARu4fvxR1Lpso,4.7,81.0,museum,tourist_attraction,point_of_interest,establishment,,,,,,
250,Rit Narong Ron Museum,OPERATIONAL,"พิพิธภัณฑ์บ้านคุณหลวงฤทธิ์ณรงค์รอน, แขวงวัดท่าพระ เขตบางกอกใหญ่ จังหวัดกรุงเทพมหานคร, 10600 Thailand",13.7304483,100.4852276,ChIJI_VCqPiY4jAROUkwdV_15rM,4.9,7.0,museum,point_of_interest,establishment,,,,,,,
251,Sewing Machine Museum,OPERATIONAL,"Charoen Krung Rd, Khwaeng Thung Maha Mek, Khet Sathon, Bangkok 10120, Thailand",13.7146632,100.5393434,ChIJDZ3P_zef4jARVwqicMdPvJ8,3.8,6.0,museum,tourist_attraction,point_of_interest,establishment,,,,,,
252,Prajadhipok Residence Museum,OPERATIONAL,"กองพลทหารปืนใหญ่ต่อสู้อากาศยาน, ถนนทหาร, แขวงถนนนครไชยศรี เขตดุสิต กรุงเทพมหานคร, 10300 10300, Thailand",13.7987925,100.5249493,ChIJBZfs3_Ob4jAROcKcKcwCNgA,4.2,9.0,museum,point_of_interest,establishment,,,,,,,
253,Thai Flag Museum,CLOSED_TEMPORARILY,"เลขที่ 15 Lat Phrao 43 Alley, Samsen Nok, Huai Khwang, Bangkok 10310, Thailand",13.8005438,100.5863518,ChIJt_2r_sed4jARfLuMZGWaYEs,3.9,25.0,museum,point_of_interest,establishment,,,,,,,
254,Berlin Pharmaceutical Museum,OPERATIONAL,"359 Charoen Krung Rd, Pom Prap, Pom Prap Sattru Phai, Bangkok 10100, Thailand",13.7437953,100.5081774,ChIJ3YoBZCKZ4jARjxhTQ3J2bGY,4.5,26.0,museum,point_of_interest,establishment,,,,,,,
255,Museum of Pediatrics,CLOSED_TEMPORARILY,"1873, โรงพยาบาลจุฬาลงกรณ์ ภาควิชาศัลยศาสตร์ คณะแพทยศาสตร์ จุฬาลงกรณ์มหาวิทยาลัย ตึก สก. ชั้น 7, ถนนพระรามที่ 4, แขวงปทุมวัน เขตปทุมวัน กรุงเทพมหานคร, 10330 Thailand",13.7316207,100.5367148,ChIJIyI-oCmf4jARraSHOCcYs0U,4.2,13.0,museum,tourist_attraction,point_of_interest,establishment,,,,,,
256,พิพิธภัณฑ์เพลงลูกทุ่ง,OPERATIONAL,"577/78 ซอย 13 แยก 9, จรัญสนิทวงศ์, แขวงวัดท่าพระ เขตบางกอกใหญ่ กทม, 10600 10600, Thailand",13.7436622,100.4774282,ChIJJYfeTn6Z4jARTtmnM6FC-5c,0.0,0.0,museum,point_of_interest,establishment,,,,,,,
257,Local Museum Bangkok Thonburi,OPERATIONAL,"Songsoem Phutthasatsana Wan Athit Wat Prayun Wongsa Wat School, Pracha Thi Pok Road, Wat Kan Ya, Khet Thon Buri, Bangkok, 10600, Thailand",13.7369808,100.4963422,ChIJ84ZZTh2Z4jARkKOV9Fbc7iU,4.0,4.0,museum,tourist_attraction,point_of_interest,establishment,,,,,,
258,Mother's Spiritual Museum,OPERATIONAL,"64 อาคาร Plan House Sathon Soi 10, Silom, Bang Rak, Bangkok 10500, Thailand",13.7218581,100.5273448,ChIJo0MhDc2Y4jARksTPH4r6aoI,4.5,8.0,museum,point_of_interest,establishment,,,,,,,
259,Court Museum of Thailand and Archives,OPERATIONAL,"อาคารสถาบันพัฒนาข้าราชการฝ่ายตุลาการศาลยุติธรรม ชั้น5 Chom Phon, Chatuchak, Bangkok 10900, Thailand",13.810686,100.574368,ChIJswxzMk2c4jARQV0pHAD0zbk,4.5,8.0,museum,tourist_attraction,point_of_interest,establishment,,,,,,
260,SeriThai Memorial Museum and Library,OPERATIONAL,"สวนเสรีไทย(สวนบึงกุ่ม), ซอยเสรีไทย 53 ถนนเสรีไทย, แขวงคลองกุ่ม เขตบึงกุ่ม จังหวัดกรุงเทพมหานคร, 10240 10230, Thailand",13.7861551,100.6732238,ChIJuyAazM9jHTERSznZZ0Rb4cU,3.8,11.0,museum,tourist_attraction,point_of_interest,establishment,,,,,,
261,Local Museum Bangkok Thonburi,OPERATIONAL,"Songsoem Phutthasatsana Wan Athit Wat Prayun Wongsa Wat School, Pracha Thi Pok Road, Wat Kan Ya, Khet Thon Buri, Bangkok, 10600, Thailand",13.7369808,100.4963422,ChIJ84ZZTh2Z4jARkKOV9Fbc7iU,4.0,4.0,museum,tourist_attraction,point_of_interest,establishment,,,,,,
262,Kasetsart University Zoological Museum,OPERATIONAL,"50, มหาวิทยาลัยเกษตรศาสตร์ อาคารภาควิชาสัตววิทยา ชั้น1 คณะวิทยาศาสตร์, ถนน ซอย พหลโยธิน Lat Yao, Chatuchak, Bangkok 10900, Thailand",13.8461614,100.5714859,ChIJ965NUeec4jARlJxyKtBZHBU,4.2,17.0,museum,point_of_interest,establishment,,,,,,,
263,Art Gallery 36,OPERATIONAL,"30 Soi Sukhumvit 36, Klongton Klongtoey Bangkok 10110, Thailand",13.720115,100.576236,ChIJAQm8waef4jARejHU5fHaEqA,4.7,22.0,art_gallery,museum,point_of_interest,store,establishment,,,,,
264,Local Museum of Bangkok - Bang Na,OPERATIONAL,"200 Wat Bang Na Nai Alley, Bang Na, Bangkok 10260, Thailand",13.671189,100.604125,ChIJkUR_PBGg4jARGC4VvE2u7NY,4.8,4.0,museum,point_of_interest,establishment,,,,,,,
265,Royal Irrigation Department Museum,OPERATIONAL,"กรมชลประทาน ปากเกร็ด 78, ถนนติวานนท์, ตำบลบางตลาด อำเภอปากเกร็ด จังหวัดนนทบุรี, 11120 11120, Thailand",13.8957014,100.5059394,ChIJn40VtOqE4jARfcPbY-K0R1g,4.0,52.0,museum,tourist_attraction,point_of_interest,establishment,,,,,,
266,Debsirin School Living Museum,OPERATIONAL,"1466, โรงเรียนเทพศิรินทร์ Krung Kasem Rd, Wat Thepsirin, Pom Prap Sattru Phai, Bangkok 10100, Thailand",13.7474571,100.5156681,ChIJUZsm2DqZ4jAREEeMMxcwWno,4.8,8.0,museum,point_of_interest,establishment,,,,,,,
267,Thai nursing museum and archives,OPERATIONAL,"Siriraj Hospital, 2 คณะพยาบาลศาสตร์ มหาวิทยาลัยมหิดล Thanon Wang Lang, Siri Rat, Bangkok Noi, Bangkok 10700, Thailand",13.7567039,100.4864867,ChIJzTBirwqZ4jARjN3SUrsD33Y,4.8,16.0,museum,point_of_interest,establishment,,,,,,,
268,"Jesada Technik Museum Co.,LTD.",OPERATIONAL,"6 Somdet Phra Pinklao 2 Alley, Bang Yi Khan, Bang Phlat, Bangkok 10700, Thailand",13.7642867,100.4898278,ChIJBxhHD3SZ4jAR31Xcqevy_Lw,4.4,16.0,museum,tourist_attraction,point_of_interest,establishment,,,,,,
269,Khlong San District Museum,OPERATIONAL,"อาคารหอสมุดวัดอนงคาราม ชั้น2, ถนนสมเด็จเจ้าพระยา, แขวงสมเด็จเจ้าพระยา เขตคลองสาน กรุงเทพมหานคร, 10600 41 Somdet Chao Phraya Rd, Somdet Chao Phraya, Khlong San, Bangkok 10600, Thailand",13.7343411,100.4986214,ChIJb-Af8uKY4jAR8AGi6JzGPjE,4.0,1.0,museum,point_of_interest,establishment,,,,,,,
270,Silpa Bhirasri (Corrado Feroci) National Museum,OPERATIONAL,"192 Maha Rat Rd, Phra Borom Maha Ratchawang, Phra Nakhon, Bangkok 10200, Thailand",13.7527,100.49106,ChIJ2ykyVwmZ4jARcEFoydkmn64,4.3,32.0,museum,tourist_attraction,point_of_interest,establishment,,,,,,
271,SIAMGEMS HERITAGE,OPERATIONAL,"234 Pradit Manutham Road, Nuanchan, Bueng Kum, Bangkok 10230, Thailand",13.8358296,100.633735,ChIJtTDNqpFiHTERffPRxqpNM8U,4.3,57.0,museum,point_of_interest,establishment,,,,,,,
272,Pata Zoo Company Limited,OPERATIONAL,"ถนน สมเด็จพระปิ่นเกล้า Bang Yi Khan, Bang Phlat, Bangkok 10700, Thailand",13.7717036,100.4843353,ChIJ6dUQpoKZ4jARVWDH6kSvwGE,3.4,549.0,zoo,tourist_attraction,point_of_interest,establishment,,,,,,
273,Phasi Charoen,,"Phasi Charoen, Bangkok, Thailand",13.7239706,100.438497,ChIJYwiusiGY4jAR4E7iXbIAAQM,,,sublocality_level_1,sublocality,political,,,,,,,
274,Chulalongkorn University Centenary Park,CLOSED_TEMPORARILY,"จุฬาลงกรณ์มหาวิทยาลัย ซอย จุฬาลงกรณ์ 5 Wang Mai, Pathum Wan District, Bangkok 10330, Thailand",13.7394291,100.5238271,ChIJKds06CuZ4jAREX4LxxCQBbg,4.5,1554.0,tourist_attraction,park,point_of_interest,establishment,,,,,,
275,Rommaninat Park,OPERATIONAL,"Maha Chai Rd, Samran Rat, Phra Nakhon, Bangkok 10200, Thailand",13.7488819,100.5026035,ChIJ_89sxRaZ4jARi32ZRwnrrB4,4.3,1386.0,park,point_of_interest,establishment,,,,,,,
276,Damrong Sathit bridge,OPERATIONAL,"คลอง บาง ลำพู, Bangkok, Thailand",13.7467988,100.503899,ChIJR0_RoxmZ4jARYAcFGuYZ0n4,4.4,42.0,point_of_interest,establishment,,,,,,,,
277,Saphan Han,OPERATIONAL,"4 592 Chakkraphet Rd, Wang Burapha Phirom, Phra Nakhon, Bangkok 10200, Thailand",13.7441227,100.5026434,ChIJP0axlomZ4jARyl2uGBFzmPY,4.4,36.0,point_of_interest,establishment,,,,,,,,
278,Peuan Deratchan Zoo,OPERATIONAL,"64 Ram Inthra Rd, Anusawari, Bang Khen, Bangkok 10220, Thailand",13.8708136,100.6114726,ChIJ2e3M-6yC4jAReDp2mSWfu4A,4.3,193.0,zoo,point_of_interest,establishment,,,,,,,
279,Khlong Bang Luang Floating Market,OPERATIONAL,"13°43'48. 100°27'50. 99/5 Soi Phet Kasem 20, Pak Khlong Phasi Charoen, Phasi Charoen, Bangkok 10160, Thailand",13.730134,100.463965,ChIJ3Wo3vEmY4jARGLbFN8BC7Yc,4.2,458.0,tourist_attraction,point_of_interest,establishment,,,,,,,
280,Phan Fa Lilat Bridge,OPERATIONAL,"ถนน ราชดำเนินกลาง Banglamphu Bang Khun Phrom, Phra Nakhon, Bangkok 10100, Thailand",13.7562068,100.505694,ChIJC7iXERSZ4jARXAkvzJHy240,4.3,143.0,tourist_attraction,point_of_interest,establishment,,,,,,,
281,Tha Chang,,"Tha Chang, Tha Chang District, Surat Thani 84150, Thailand",9.255073399999999,99.1732936,ChIJ_U3HqeWnVjARUCk4LLwjAgQ,,,locality,political,,,,,,,,
282,Public Park in Commemoration of H.M. the King's 6th Cycle Birthday,OPERATIONAL,"Rama III Rd, Bang Khlo, Bang Kho Laem, Bangkok 10120, Thailand",13.6853419,100.5180537,ChIJ8Uf1kQii4jARVqz_ej8fc6c,4.5,1733.0,tourist_attraction,park,point_of_interest,establishment,,,,,,
283,Wat Chalo,,"Wat Chalo, Bang Kruai District, Nonthaburi 11130, Thailand",13.8027079,100.477322,ChIJGf0lrzma4jARMJUMRTeSAQQ,,,locality,political,,,,,,,,
284,Wat Ku,OPERATIONAL,"57 หมู่ที่ 5 Sukkhaprachasan 2, Bang Phut Sub-district, Pak Kret District, Nonthaburi 11120, Thailand",13.9315638,100.5062545,ChIJV5NMIkOE4jARU9FIRqQK1Ug,4.5,1621.0,tourist_attraction,place_of_worship,point_of_interest,establishment,,,,,,
285,Chaloem Golden Jubilee Park,OPERATIONAL,"Bang Si Muang, Mueang Nonthaburi District, Nonthaburi 11000, Thailand",13.8499192,100.4811491,ChIJIYrZjuCa4jARqyjgv-tgzao,4.5,1538.0,park,tourist_attraction,point_of_interest,establishment,,,,,,
286,Bird Show,OPERATIONAL,"Sam Wa Tawan Tok, Khlong Sam Wa, Bangkok 10510, Thailand",13.8656803,100.7043998,ChIJpTw8Xqt8HTERmuWuzs4OnqA,4.4,18.0,zoo,tourist_attraction,point_of_interest,establishment,,,,,,
287,Thai Cruise,CLOSED_TEMPORARILY,"Wat Phraya Krai, Bang Kho Laem, Bangkok 10120, Thailand",13.7051101,100.5019996,ChIJAwnS0ZaY4jAR9TLlEM_egt0,4.4,37.0,point_of_interest,establishment,,,,,,,,
288,Wat Sai Floating Market,OPERATIONAL,"58/229 Soi Ekkachai 24, Bang Khun Thian, Khet Chom Thong, Bangkok 10150, Thailand",13.68953,100.458045,ChIJ5ZTg4KCi4jARKhBXJ0o8nqs,4.0,522.0,tourist_attraction,grocery_or_supermarket,food,point_of_interest,store,establishment,,,,
289,Wat Nimmanoradee,OPERATIONAL,"845 ถนน สุขาภิบาล 1 Bang Wa, Phasi Charoen, Bangkok 10160, Thailand",13.7086573,100.4267485,ChIJE9G5Ru6X4jARzq1C7VCnnno,4.5,876.0,tourist_attraction,place_of_worship,point_of_interest,establishment,,,,,,
290,นาบัวลุงแจ่ม,CLOSED_TEMPORARILY,"61 หมู่ 3, Maha Sawat, Phutthamonthon District, Nakhon Pathom 73170, Thailand",13.8106834,100.2713179,ChIJxSeEKniT4jARlY_nMWsYU9o,4.4,211.0,tourist_attraction,point_of_interest,establishment,,,,,,,
291,Thonburirom Park,OPERATIONAL,"Mu 2, Pracha-uthit Road, Tung Kru District Thailand",13.6520112,100.4914057,ChIJ95KLXVGi4jARn_bRHyr06es,4.5,1348.0,park,tourist_attraction,point_of_interest,establishment,,,,,,
292,Nawamin Phirom Park,OPERATIONAL,"16 Sriburapha Rd, Khlong Kum, Bueng Kum, Bangkok 10240, Thailand",13.7840319,100.647966,ChIJgYn1OjtiHTERfE9PKJupzk4,4.4,2426.0,tourist_attraction,park,point_of_interest,establishment,,,,,,
293,Phra Nangklao Bridge,OPERATIONAL,"Soi Mu Ban Nonnicha, Sai Ma, Mueang Nonthaburi District, Nonthaburi 11000, Thailand",13.8703971,100.4766916,ChIJBTERIM2a4jARwNfydhIFU7g,4.2,354.0,tourist_attraction,point_of_interest,establishment,,,,,,,
294,Wichai Prasit Fort,OPERATIONAL,"Arun Amarin Rd, แขวง บางกอกใหญ่ Bangkok Yai, Bangkok 10600, Thailand",13.7419974,100.4908349,ChIJJ8nHBwSZ4jARBh2QGOAXGAY,3.9,90.0,tourist_attraction,point_of_interest,establishment,,,,,,,
295,Rama VIII Park,OPERATIONAL,"Arun Amarin Rd, Bang Yi Khan, Bang Phlat, Bangkok 10700, Thailand",13.7692994,100.4949783,ChIJ-XXkE3CZ4jAR4ucrmOJpLgI,4.5,2453.0,park,tourist_attraction,point_of_interest,establishment,,,,,,
296,Chao Phraya Skypark,OPERATIONAL,"Phra Pokklao Bridge, ถนน พระปกเกล้า Wang Burapha Phirom, Phra Nakhon, Bangkok 10200, Thailand",13.7396072,100.4990167,ChIJ9ZMumAeZ4jAR4BMuyRuPWNc,4.4,206.0,tourist_attraction,point_of_interest,establishment,,,,,,,
297,สวนเสรีไทย,CLOSED_TEMPORARILY,"43 ซอย เสรีไทย 41 Khlong Kum, Bueng Kum, Bangkok 10230, Thailand",13.7869748,100.6743265,ChIJ9y3JQdJjHTERC22qsTDZg38,4.4,773.0,park,point_of_interest,establishment,,,,,,,
298,Wat Makut Kasatriyaram Ratchaworawihan,OPERATIONAL,"330 Krung Kasem Rd, Bang Khun Phrom, Phra Nakhon, Bangkok 10200, Thailand",13.7641125,100.5066456,ChIJQzJ5AmqZ4jARYlUiSAS7d6o,4.5,1822.0,tourist_attraction,place_of_worship,point_of_interest,establishment,,,,,,
299,กระบองเพชรสวนกำนันบัว,OPERATIONAL,"บ้านหนองพลวง Nong Kong, Nang Rong District, Buri Ram 31110, Thailand",14.6978607,102.8956958,ChIJkaPNYgWBGTERb1IiUsGkCX4,4.7,9.0,point_of_interest,establishment,,,,,,,,
300,Wat Krathum Suea Pla,OPERATIONAL,"5 On Nut 67 Alley, Prawet, Bangkok 10250, Thailand",13.7229237,100.6887065,ChIJ4d4dbN5gHTERVDQlJjexrLc,4.5,1779.0,tourist_attraction,place_of_worship,point_of_interest,establishment,,,,,,
301,King Taksin the Great Bridge,OPERATIONAL,"Thanon Krung Thon Buri, Khlong Ton Sai, Khlong San, Bangkok 10600, Thailand",13.719331,100.5119439,ChIJoTi39_WZ4jAR9DryQCX0Nek,4.4,39.0,point_of_interest,establishment,,,,,,,,
302,Rommaninat Park,OPERATIONAL,"Maha Chai Rd, Samran Rat, Phra Nakhon, Bangkok 10200, Thailand",13.7488819,100.5026035,ChIJ_89sxRaZ4jARi32ZRwnrrB4,4.3,1386.0,park,point_of_interest,establishment,,,,,,,
303,Nong Chok Public Park,OPERATIONAL,"21/9 Liap Wari Rd, Krathum Rai, Nong Chok, Bangkok 10530, Thailand",13.8544383,100.8589704,ChIJj0tl-CZuHTERMDkLPbMAAQ8,4.4,726.0,park,tourist_attraction,point_of_interest,establishment,,,,,,
304,Old Customs House,OPERATIONAL,"37 Charoen Krung Rd, Bang Rak, Bangkok 10500, Thailand",13.7251927,100.5139531,ChIJn96rQduY4jAREYUtoPK2Ksk,4.0,155.0,tourist_attraction,point_of_interest,establishment,,,,,,,
305,Makut Rommayasaran Park,OPERATIONAL,"Rattanathibet Rd, ตำบล บางกระสอ อำเภอ เมืองนนทบุรี Nonthaburi 11000, Thailand",13.8610342,100.515651,ChIJS2EUfkWb4jAR0jmfCeUCfeE,4.5,941.0,tourist_attraction,park,point_of_interest,establishment,,,,,,
306,Phra Pokklao Bridge,OPERATIONAL,"ถนน พระปกเกล้า Somdet Chao Phraya, Khlong San, Bangkok 10600, Thailand",13.738918,100.4984001,ChIJs_0Y_hyZ4jARGh0OOUSIXJc,4.5,341.0,tourist_attraction,point_of_interest,establishment,,,,,,,
307,Wat Sommanat Ratchaworawihan,OPERATIONAL,"646 Krung Kasem Rd, Wat Sommanat, Pom Prap Sattru Phai, Bangkok 10100, Thailand",13.7606536,100.5103349,ChIJIWA15UCZ4jARvq0RB-4OijQ,4.4,1660.0,tourist_attraction,place_of_worship,point_of_interest,establishment,,,,,,
308,Rama VII Bridge,OPERATIONAL,"Wong Sawang Rd, Wong Sawang, Bang Sue, Bangkok 10800, Thailand",13.814313,100.5141236,ChIJT2v2_Tyb4jAR7mRGiRWpSik,4.4,118.0,point_of_interest,establishment,,,,,,,,
309,Wang Thong 1 Public Park,OPERATIONAL,"ซอย Pradit Manutham Road, Saphansong, Wang Thonglang, Bangkok 10310, Thailand",13.7906652,100.6090624,ChIJhwKF0fGd4jARKclUIAqIbcI,3.5,2.0,park,point_of_interest,establishment,,,,,,,
310,Chaloemla 56 Bridge,OPERATIONAL,"Phayathai Rd, Pathum Wan, Khet Ratchathewi, Bangkok 10330, Thailand",13.7491997,100.5311894,ChIJw26-4Mye4jARVGWb4VMvSIg,4.3,31.0,tourist_attraction,point_of_interest,establishment,,,,,,,
311,Wat Kuhasawan Worawihan,OPERATIONAL,"233 Soi Phet Kasem 28, Khuha Sawan, Phasi Charoen, Bangkok 10160, Thailand",13.7324266,100.461895,ChIJKSZ0-TWY4jARgrz1mHqbMmo,4.4,90.0,place_of_worship,point_of_interest,establishment,,,,,,,
312,Wat Bang Peng Tai,OPERATIONAL,"3 หมู่ที่ 12 Ramkhamhaeng 187/1 Alley, Min Buri, Bangkok 10510, Thailand",13.7997698,100.710962,ChIJk_KCinVkHTER8lqfMVTW2dg,4.3,1694.0,tourist_attraction,place_of_worship,point_of_interest,establishment,,,,,,
313,Wat Sala Daeng,OPERATIONAL,"134, 4) หมู่ 6 Thanon Bang Waek, Bang Phai, Bang Khae, Bangkok 10160, Thailand",13.7506122,100.3543915,ChIJxU2ELTOW4jARMNaFNWK3B58,4.3,506.0,place_of_worship,point_of_interest,establishment,,,,,,,
314,Thawi Wanarom Park,OPERATIONAL,"195/1 Liap Khlong Thawi Watthana Alley, Khwaeng Thawi Watthana, Thawi Watthana, Bangkok 10170, Thailand",13.7440761,100.3523128,ChIJK83QYoCW4jARZq4AMD9Cq34,4.3,387.0,park,tourist_attraction,point_of_interest,establishment,,,,,,
315,Bueng Rama IX,OPERATIONAL,"พระราม 9 ซอย 26 Bang Kapi, Huai Khwang, Bangkok 10310, Thailand",13.7573363,100.5970212,ChIJNSpk2D-e4jARP0Sc_YoDueo,4.0,251.0,park,tourist_attraction,point_of_interest,establishment,,,,,,
316,Nakorn Nuang Khet Ancient Market,OPERATIONAL,"Khlong Nakhon Nueang Khet, Mueang Chachoengsao District, Chachoengsao 24000, Thailand",28.6478898,180.0,ChIJh5fhmU8THTERRdIH7JSkyhI,3.6,369.0,point_of_interest,establishment,,,,,,,,
317,Wat Khema Phirataram Ratchaworawihan,OPERATIONAL,"Pibulsongklam 15 Alley, Tambon Suan Yai, Mueang Nonthaburi District, Nonthaburi 11000, Thailand",13.8216718,100.5032851,ChIJZy6RbaGb4jARkEX9h2Jsfnk,4.4,758.0,tourist_attraction,place_of_worship,point_of_interest,establishment,,,,,,
318,Chaloem Phrakiat Mahat Thai Park,OPERATIONAL,"49/2 เฉลิมพระเกียรติ ร.9 Dok Mai, Prawet, Bangkok 10250, Thailand",13.6766224,100.6778315,ChIJHc6O2yVeHTERpPQIePOyYfc,4.4,825.0,tourist_attraction,park,point_of_interest,establishment,,,,,,
319,Rama IV Bridge,OPERATIONAL,"Bang Tanai, Pak Kret District, Nonthaburi 11120, Thailand",13.915893,100.4940274,ChIJt9LzsPmE4jARmt8o2ra8qTo,4.4,37.0,point_of_interest,establishment,,,,,,,,
320,สวนเฉลิมพระเกียรติ 80 พรรษา พระบาทสมเด็จพระเจ้าอยู่หัว,OPERATIONAL,"Thanon Bang Khun Non, Bang Khun Non, Bangkok Noi, Bangkok 10700, Thailand",13.7718699,100.4681585,ChIJyWD3_ZGZ4jARhgRMB7PZMxY,4.5,751.0,park,tourist_attraction,point_of_interest,establishment,,,,,,
321,Phi Suea Samut Fort Museum,OPERATIONAL,"Pak Khlong Bang Pla Kot, Phra Samut Chedi District, Samut Prakan 10290, Thailand",13.5956226,100.587826,ChIJ2dLgNM2g4jARV4u_ymJFla8,4.2,235.0,museum,tourist_attraction,point_of_interest,establishment,,,,,,
322,Wat Khok Kham,OPERATIONAL,"Khok Kham, Mueang Samut Sakhon District, Samut Sakhon 74000, Thailand",13.5694991,100.3435775,ChIJfSBGZnu54jARFXw1v3PrjcY,4.4,712.0,tourist_attraction,place_of_worship,point_of_interest,establishment,,,,,,
323,Wat Nang Nong Worawihan,OPERATIONAL,"76 Thanon Wutthakat, Bang Kho, Chom Thong, Bangkok 10150, Thailand",13.7038637,100.4665984,ChIJjezWunKY4jARcAo66FDkfYE,4.5,540.0,tourist_attraction,place_of_worship,point_of_interest,establishment,,,,,,
324,Wat Paket,OPERATIONAL,"อําเภ หมู่ 3ถนนเพชรหึงษ์, ตําบล Song Khanong, Phra Pradaeng District, Samut Prakan 10130, Thailand",13.6682684,100.5554287,ChIJsbN8BcGh4jAR1mDwjGGOxds,4.2,172.0,tourist_attraction,place_of_worship,point_of_interest,establishment,,,,,,
325,Sampeng market,OPERATIONAL,"ถนน จักรวรรดิ Chakkrawat, Samphanthawong, Bangkok 10100, Thailand",13.7429024,100.5042651,ChIJQ0hhIRmZ4jAR7Xt0Q5uQcZ8,4.3,5384.0,tourist_attraction,point_of_interest,establishment,,,,,,,
326,SOOKSIAM,OPERATIONAL,"299 Charoen Nakhon 5 Alley, Khlong Ton Sai, Khlong San, Bangkok 10600, Thailand",13.7262337,100.5096506,ChIJ3f_sPyqZ4jARnm5m2v_vzwM,4.5,722.0,point_of_interest,establishment,,,,,,,,
327,Ratchawat Market,OPERATIONAL,"1444 97 Thanon Nakhon Chaisi Rd, Thanon Nakhon Chai Si, Dusit District, Bangkok 10300, Thailand",13.7782083,100.5243176,ChIJ-bfnsuKb4jARdoT9wyX5k2s,4.1,2929.0,tourist_attraction,point_of_interest,establishment,,,,,,,
328,Indy Market,OPERATIONAL,"ตลาดอินดี้ Dao Khanong, Chom Thong, Bangkok 10150, Thailand",13.6911014,100.4797587,ChIJASnW3oGi4jARFfpwQzubHCI,4.2,7629.0,tourist_attraction,point_of_interest,establishment,,,,,,,
329,Owl Market,OPERATIONAL,"14/87 ถนน เลี่ยงเมือง Tambon Bang Kraso, Mueang Nonthaburi District, Nonthaburi 11000, Thailand",13.8692982,100.4949836,ChIJsYAw8i2b4jAR6ToklDb3840,4.3,10527.0,tourist_attraction,point_of_interest,establishment,,,,,,,
330,World market,OPERATIONAL,"109/17 Thawi Watthana, Bangkok 10170, Thailand",13.7431173,100.3563904,ChIJwxE8q4CW4jARBNlfgBv1KNo,4.3,4712.0,grocery_or_supermarket,food,point_of_interest,store,establishment,,,,,
331,Hua Ta Khe Market,OPERATIONAL,"615 หมู่ที่ 1 ตลาดหัวตะเข้ หัวตะเข้ Soi Lat Krabang 17, Lat Krabang, Bangkok 10540, Thailand",13.7228724,100.7883513,ChIJA4p1V81nHTERAksW8oROvOE,4.0,1038.0,point_of_interest,establishment,,,,,,,,
332,Chatuchak Flower Market,OPERATIONAL,"Kamphaeng Phet Rd, Chatuchak, Bangkok 10900, Thailand",13.7973895,100.5436802,ChIJ5a5ULRKc4jARW0oKzuTyMcQ,4.3,377.0,tourist_attraction,point_of_interest,establishment,,,,,,,
333,La Lai Sap Market,OPERATIONAL,"5 Si Lom, Silom, Bang Rak, Bangkok 10500, Thailand",13.7267099,100.5296365,ChIJc-og1Cyf4jARP0h86XVthhc,4.2,76.0,point_of_interest,establishment,,,,,,,,
334,Trok Mor Morning Market,OPERATIONAL,"Ratchabophit Rd, Wat Ratchabophit, Phra Nakhon, Bangkok 10200, Thailand",13.7498257,100.4992473,ChIJv3cN-xCZ4jAR8KEJHD3QJnM,4.3,667.0,point_of_interest,establishment,,,,,,,,
335,三攀市場,OPERATIONAL,"Samphanthawong, Bangkok 10100, Thailand",13.7424979,100.5068749,ChIJgSminyuZ4jARBfjZTu0LctY,4.0,3.0,point_of_interest,establishment,,,,,,,,
336,Rangsit Floating Market,OPERATIONAL,"117 117/2 12 Rangsit - Nakhon Nayok Rd, Thanyaburi District, Pathum Thani 12130, Thailand",13.9877533,100.6342168,ChIJbYrLhjt-HTERjbpuMmJ_8PY,4.0,414.0,point_of_interest,establishment,,,,,,,,
337,Silom Night Market,OPERATIONAL,"Silom Rd, Suriya Wong, Bang Rak, Bangkok 10500, Thailand",13.7280706,100.5325912,ChIJzU56eSyf4jARGjqKqO2muyU,3.9,3923.0,tourist_attraction,point_of_interest,establishment,,,,,,,
338,The Old Market,,"The Old Market, Omaha, NE 68102, USA",41.2555757,-95.9310643,ChIJzdL4Yq-Pk4cRsUEyVEsX4So,,,neighborhood,political,,,,,,,,
339,Saint Louis Hospital,OPERATIONAL,"27 S Sathorn Rd, Yan Nawa, Sathon, Bangkok 10120, Thailand",13.7191124,100.5252044,ChIJuV7vYcqY4jARfBbaS3YpbVk,4.1,283.0,hospital,health,point_of_interest,establishment,,,,,,
340,Food Villa Ratchaphruek,OPERATIONAL,"77 Ratchaphruek Rd, Bang Ramat, Taling Chan, Bangkok 10170, Thailand",13.7649247,100.4440805,ChIJpe2gPOGZ4jARs6uH-FivgZo,4.4,7377.0,food,point_of_interest,store,establishment,,,,,,
341,Minburi Market,OPERATIONAL,"521 หมู่ที่ 18 Sihaburanukit Rd, Min Buri, Bangkok 10510, Thailand",13.8136999,100.7284002,ChIJmYvHQ2FkHTERfvCOHWmdGqY,4.1,7759.0,point_of_interest,establishment,,,,,,,,
342,Rangsit Market,OPERATIONAL,"ซอย Rangsit-Pathum Thani 5, Tambon Prachathipat, Thanyaburi District, Pathum Thani 12130, Thailand",13.9860159,100.6135466,ChIJCWxVy92B4jARoWMeLxxe51Y,4.1,4419.0,tourist_attraction,point_of_interest,establishment,,,,,,,
343,ตลาดต้นไม้สวนจตุจักร,OPERATIONAL,"587/10 Kamphaeng Phet 2 Rd, Chatuchak, Bangkok 10900, Thailand",13.7994225,100.5487921,ChIJCSf_VhSc4jARyd9dAmfsTcs,4.5,465.0,point_of_interest,establishment,,,,,,,,
344,ตลาดลุงเพิ่ม,OPERATIONAL,"224 Vibhavadi Rangsit Rd, Chom Phon, Chatuchak, Bangkok 10900, Thailand",13.8062407,100.5623207,ChIJZULyFkac4jAR9qXpc3EbrAk,4.0,1562.0,tourist_attraction,point_of_interest,establishment,,,,,,,
345,Udomsuk Walk,OPERATIONAL,"653 Sukhumvit 103 Rd, Bang Chak, Phra Khanong, Bangkok 10260, Thailand",13.6783138,100.6300719,ChIJi5J9dfSf4jARXga-O8n09aI,4.3,1508.0,point_of_interest,establishment,,,,,,,,
346,Serimarket the nine rama9,OPERATIONAL,"999/5 ศูนย์การค้าเดอะไนน์ พระราม9 Suan Luang, Bangkok 10250, Thailand",13.7413612,100.6227937,ChIJDU5dKjBhHTER4-jCrMz70qQ,4.3,2226.0,restaurant,food,point_of_interest,establishment,,,,,,
347,ตลาดนานาเจริญ,OPERATIONAL,"หมู่ที่ 6 23/7 ถนน เสมาฟ้าคราม Khu Khot, Lam Luk Ka District, Pathum Thani 12130, Thailand",13.9694346,100.6454837,ChIJu5n1mdh_HTERjT-q_PnGEIU,4.3,966.0,point_of_interest,establishment,,,,,,,,
348,Ton Son Mosque,OPERATIONAL,"447 Arun Amarin Rd, Wat Arun, Bangkok Yai, Bangkok 10600, Thailand",13.740042,100.488668,ChIJezNTCwGZ4jARsZux4erypHA,4.6,281.0,mosque,tourist_attraction,place_of_worship,point_of_interest,establishment,,,,,
349,Chatuchak Market 2 (Minburi) Weekend Market,OPERATIONAL,"Sihaburanukit Rd, Min Buri, Bangkok 10510, Thailand",13.8136873,100.7256007,ChIJy3vNwmNkHTERUdXskT6sVe8,4.0,1168.0,point_of_interest,establishment,,,,,,,,
350,Mahachai Muang Mai Market,OPERATIONAL,"Soi Mu Ban Mahachai Mueang Mai, Khok Krabue, Mueang Samut Sakhon District, Samut Sakhon 74000, Thailand",13.5875244,100.325988,ChIJ7yewQT-54jARRc8Ane25oj4,3.9,1057.0,point_of_interest,establishment,,,,,,,,
351,Samut Prakan Market,OPERATIONAL,"Pak Nam, Mueang Samut Prakan District, Samut Prakan 10270, Thailand",13.5934686,100.5963058,ChIJiX79QjWn4jARKFDBqsTaGW4,4.1,688.0,point_of_interest,establishment,,,,,,,,
352,Train Night Market Ratchada,OPERATIONAL,"Ratchadaphisek Rd, Din Daeng, Bangkok 10400, Thailand",13.7665714,100.5685571,ChIJXWLwuIie4jARHflkjQu6MCw,4.2,30951.0,tourist_attraction,point_of_interest,establishment,,,,,,,
353,Luang Kocha Itsahak Mosque,OPERATIONAL,"979 Song Wat Rd, Samphanthawong, Bangkok 10100, Thailand",13.7383547,100.5082059,ChIJB0iQNCCZ4jARj_iX5gXXHbo,4.6,100.0,mosque,tourist_attraction,place_of_worship,point_of_interest,establishment,,,,,
354,Udom Suk Market,OPERATIONAL,"ถนน อุดมสุข Bang Na, Bangkok 10260, Thailand",13.679002,100.6108024,ChIJ66UmlASg4jARxZ4AzYg2xsE,4.0,1634.0,point_of_interest,establishment,,,,,,,,
355,Bangkhunsi Market,OPERATIONAL,"Charan Sanitwong Rd, Bang Khun Si, Bangkok Noi, Bangkok 10700, Thailand",13.7590427,100.4691984,ChIJ3Wbctb-Z4jAR7jwkmxxxnRw,4.0,3081.0,tourist_attraction,point_of_interest,establishment,,,,,,,
356,Masjid Darul Aman,OPERATIONAL,"1 Jln Eunos, Singapore 419493",1.3179347,103.9045197,ChIJidljbAUY2jERgKMgYT1QTEQ,4.7,288.0,mosque,place_of_worship,point_of_interest,establishment,,,,,,
357,Thai-Pakistan Friendship Mosque,OPERATIONAL,"Maha Set Rd, Bang Rak, Bangkok 10500, Thailand",13.7298447,100.5186112,ChIJlVPmVteY4jARjrTPugAY39A,4.8,117.0,mosque,tourist_attraction,place_of_worship,point_of_interest,establishment,,,,,
358,Masjed Darulmuhsinin,OPERATIONAL,"ซอย สุขุมวิท 49/14 Khlong Tan Nuea, Watthana, Bangkok 10110, Thailand",13.744442,100.5786742,ChIJfSuKw1me4jAR9ckCYxqKoDg,4.6,142.0,mosque,tourist_attraction,place_of_worship,point_of_interest,establishment,,,,,
359,Wat Champa,OPERATIONAL,"Si SA KET 4037 Rural Rd., Nong Kaeo, Kanthararom, Si SA KET, 34310, Thailand",15.164161,104.690875,ChIJ0YIEduWMFjERS1tNaNrTGzE,4.6,11.0,place_of_worship,point_of_interest,establishment,,,,,,,
360,Kuwatin Islam Mosque مسجد,OPERATIONAL,"656 Somdet Chao Phraya Rd, Somdet Chao Phraya, Khlong San, Bangkok 10600, Thailand",28.6478898,180.0,ChIJo41pox2Z4jARpd9j4bPRPj4,4.6,44.0,mosque,tourist_attraction,place_of_worship,point_of_interest,establishment,,,,,
361,Bang Ao Mosque مسجد,OPERATIONAL,"86 Soi Charan Sanitwong, Bang Ao, Bang Phlat, Bangkok 10700, Thailand",13.7946964,100.5112891,ChIJCR6p6eib4jARXkzmtYpWSgc,4.6,98.0,mosque,place_of_worship,point_of_interest,establishment,,,,,,
362,Khoirit Sunna Mosque,OPERATIONAL,"Thanon Kheha Rom Klao, Saphan Sung, Bangkok 10240, Thailand",13.7708374,100.7102239,ChIJB755zKpmHTER1mUDQDgFO_E,4.5,71.0,mosque,tourist_attraction,place_of_worship,point_of_interest,establishment,,,,,
363,Surao Lamkaek School,OPERATIONAL,"10, 5 Suwinthawong Rd, Khwaeng Lam Phakchi, Nong Chok, Bangkok 10530, Thailand",13.8037392,100.8601338,ChIJAeXcx_FuHTERiqJVkyBbY8U,4.6,13.0,mosque,tourist_attraction,place_of_worship,point_of_interest,establishment,,,,,
364,Fathulbaree Mosque,OPERATIONAL,"Ramkhamhaeng 93 Alley, Hua Mak, Bang Kapi District, Bangkok 10240, Thailand",13.7643115,100.6460245,ChIJ35pijo1hHTERCSNYeWDKe4A,4.8,92.0,mosque,tourist_attraction,place_of_worship,point_of_interest,establishment,,,,,
365,Masjid Prasert Islam,OPERATIONAL,"Bang Talat, Pak Kret District, Nonthaburi 11120, Thailand",13.8879486,100.5196585,ChIJZTQxwKSE4jARGOJ9mNjuQ4A,4.6,192.0,mosque,tourist_attraction,place_of_worship,point_of_interest,establishment,,,,,
366,Muang Thong Market,OPERATIONAL,"14 Chaeng Watthana Alley, Thung Song Hong, Lak Si, Bangkok 10210, Thailand",13.8956542,100.5614585,ChIJZ4o_rheD4jARgCmPGtRTdhA,4.1,692.0,point_of_interest,establishment,,,,,,,,
367,Dilfulla Mosque,OPERATIONAL,"233 Itsaraphap Rd, Wat Arun, Bangkok Yai, Bangkok 10600, Thailand",13.7371805,100.4854232,ChIJS6dVGgCZ4jARa8h64zxdW1k,4.6,9.0,mosque,tourist_attraction,place_of_worship,point_of_interest,establishment,,,,,
368,Darul Muhayirin Mosque,OPERATIONAL,"43/27 ซอย ชานเมือง 10 Ratchadaphisek Rd, Din Daeng, Bangkok 10400, Thailand",13.7696217,100.568907,ChIJaUB_eIae4jAReNJ2f5t5nPs,4.6,72.0,mosque,place_of_worship,point_of_interest,establishment,,,,,,
369,Kamalun Iman Mosque (Wang Ta Nuad),OPERATIONAL,"74 Ta Wan Alley, Sai Kong Din Tai, Khlong Sam Wa, Bangkok 10510, Thailand",13.8420843,100.7491805,ChIJ7xPy1N1kHTER8UWzSejb4cM,4.9,23.0,mosque,tourist_attraction,place_of_worship,point_of_interest,establishment,,,,,
370,Al Alawi Mosque مسجد,OPERATIONAL,"ถนน Bangkok-Chon Buri New Line, Prawet, Bangkok 10250, Thailand",13.7364297,100.6659205,ChIJT9vsbAdhHTERrnK81FgIMx8,4.6,68.0,mosque,tourist_attraction,place_of_worship,point_of_interest,establishment,,,,,
371,Masjid Al-Istiqamah,OPERATIONAL,"2 Serangoon North Ave 2, Singapore 555876",1.3692056,103.8755059,ChIJj1PEaFEW2jERyV0sS6gb4UQ,4.7,228.0,mosque,place_of_worship,point_of_interest,establishment,,,,,,
372,Bang Kho Laem Market,OPERATIONAL,"104 Charoen Krung Rd, Bang Kho Laem, Bangkok 10120, Thailand",13.6980699,100.4981963,ChIJ4yUwD5uY4jAReKMQAr3zNuA,3.9,242.0,point_of_interest,establishment,,,,,,,,
373,Darul Muttaqien Mosque,OPERATIONAL,"ซอย อ่อนนุช 53 On Nut Rd, Bangkok 10250, Thailand",13.7193479,100.6540662,ChIJeb17GFBgHTERAcs59H5sxQg,4.5,43.0,mosque,tourist_attraction,place_of_worship,point_of_interest,establishment,,,,,
374,Masjid Muhajireen,OPERATIONAL,"137 Mit Maitri Rd, Din Daeng, Bangkok 10400, Thailand",13.7639972,100.5493178,ChIJscbwS7ye4jAR9w-gIBQ0k3Q,4.4,100.0,mosque,place_of_worship,point_of_interest,establishment,,,,,,
375,Masjid Zhohirul Islam,OPERATIONAL,"ซอย ทองหล่อ Thonglor Rd, Khlong Tan Nuea, Watthana, Bangkok 10110, Thailand",13.7355957,100.5832833,ChIJ09_5U1Ke4jARrjZu-Lyr4Y8,4.5,159.0,mosque,tourist_attraction,place_of_worship,point_of_interest,establishment,,,,,
376,มัสญิด อัล อิศลาหฺ مسجد,OPERATIONAL,"501 Soi Sankha Santisuk 8, Krathum Rai, Nong Chok, Bangkok 10530, Thailand",13.8530336,100.8707909,ChIJs7g84x5uHTERLw8O2vI9h0E,4.6,78.0,mosque,tourist_attraction,place_of_worship,point_of_interest,establishment,,,,,
377,Riyadis Sunan Mosque,OPERATIONAL,"43, ถนน พิบูลสงคราม - พิบูลสงคราม 1 ตำบล สวนใหญ่ อำเภอเมืองนนทบุรี นนทบุรี 11000 ประเทศไทย, Suan Yai, Mueang Nonthaburi District, Nonthaburi 11000, Thailand",13.8188183,100.5052183,ChIJX3_BWaKb4jAR3_YwZdoDjVc,4.6,143.0,mosque,tourist_attraction,place_of_worship,point_of_interest,establishment,,,,,
378,Marketland,OPERATIONAL,"642 Lat Krabang Rd, Khwaeng Lat Krabang, Lat Krabang, Bangkok 10520, Thailand",13.7221546,100.7384491,ChIJUREQLxxnHTER5-fGttCDQRc,4.0,601.0,point_of_interest,establishment,,,,,,,,
379,Masjid Siroyuddeen,OPERATIONAL,"Soi Ramkhamhaeng 176 (Mu Ban Suphawan), Min Buri, Bangkok 10510, Thailand",13.7888705,100.7226056,ChIJW5x2ixFkHTERrOYyoNjGjug,4.6,11.0,mosque,tourist_attraction,place_of_worship,point_of_interest,establishment,,,,,
380,Chong Thanom Salaya Market,OPERATIONAL,"200/45 ศาลายา Nakhon Pathom 73170, Thailand",13.801772,100.3261454,ChIJd0Qs9pWT4jARu4J_J9IoDMc,4.2,1144.0,point_of_interest,establishment,,,,,,,,
381,Mahanak Mosque,OPERATIONAL,"ซอย Krung Maen Rd, Khlong Maha Nak, Pom Prap Sattru Phai, Bangkok 10100, Thailand",13.7529018,100.5165472,ChIJs3v5jjmZ4jARfNIwCY0F64g,4.6,214.0,mosque,tourist_attraction,place_of_worship,point_of_interest,establishment,,,,,
382,Luang Phaeng Market 108Years,OPERATIONAL,"91 Luang Phaeng Rd, Khum Thong, Lat Krabang, Bangkok 10520, Thailand",13.6998315,100.8544919,ChIJ5da6wbdpHTERMCy3UErFNuA,4.1,122.0,tourist_attraction,point_of_interest,establishment,,,,,,,
383,ตลาดนัด บางแก้ว,OPERATIONAL,"51 บางนา-ตราด51 Bang Kaeo, Bang Phli District, Samut Prakan 10540, Thailand",13.654973,100.6746457,ChIJMcAoyEheHTERZAGr21fcsfU,3.8,83.0,point_of_interest,establishment,,,,,,,,
384,Indonesia Mosque,OPERATIONAL,"Polo 5 Alley, Lumphini, Pathum Wan District, Bangkok 10330, Thailand",13.733652,100.5492038,ChIJTQuNgCCf4jARUyH4ltLmlk4,4.6,167.0,mosque,tourist_attraction,place_of_worship,point_of_interest,establishment,,,,,
385,Bang Uthit Mosque مسجد,OPERATIONAL,"226 Charoen Krung Rd, Wat Phraya Krai, Bang Kho Laem, Bangkok 10120, Thailand",13.7026306,100.5033,ChIJwUWMb5eY4jARST5G_y_bJyo,4.7,479.0,mosque,tourist_attraction,place_of_worship,point_of_interest,establishment,,,,,
386,มัสยิดอัตตั๊กวา,OPERATIONAL,"9 Rom Klao 6, Min Buri, Bangkok 10510, Thailand",13.7923511,100.7366713,ChIJ7SOTPT9kHTERle-mgOf9lHo,4.6,64.0,mosque,tourist_attraction,place_of_worship,point_of_interest,establishment,,,,,
387,Masjid Daros Sa-Adah,OPERATIONAL,"72, Soi Phraratchawiriyaphon 17, Phra Pradaeng District, Samut Prakan 10130, Thailand",13.6602399,100.5260976,ChIJfcf30Sai4jARKA7W8_N-jOs,4.6,111.0,mosque,tourist_attraction,place_of_worship,point_of_interest,establishment,,,,,
388,Equestrian Statue of King Rama V,OPERATIONAL,"Uthong Nai Alley, Dusit, Dusit District, Bangkok 10300, Thailand",13.7692229,100.5120311,ChIJb-jTT0OZ4jARy4LdvSadAX8,4.7,5170.0,tourist_attraction,point_of_interest,establishment,,,,,,,
389,Pig Memorial,OPERATIONAL,"Bangkok, จังหวัด กรุงเทพมหานคร 10200, Thailand",13.7498728,100.4962104,ChIJ1_9KLxCZ4jARNVFsNQSbq7k,4.5,66.0,tourist_attraction,point_of_interest,establishment,,,,,,,
390,King Rama VI Monument,OPERATIONAL,"192 Rama IV Rd, Lumphini, Pathum Wan District, Bangkok 10330, Thailand",13.729945,100.5376744,ChIJbfiHISmf4jAROlU59vpyopA,,,tourist_attraction,point_of_interest,establishment,,,,,,,
391,World War 1 Volunteer Monument,OPERATIONAL,"4 Na Phra That Alley, Phra Borom Maha Ratchawang, Phra Nakhon, Bangkok 10200, Thailand",13.7582021,100.493283,ChIJr1UBJw2Z4jARZ5tidTivoDA,4.0,83.0,tourist_attraction,point_of_interest,establishment,,,,,,,
392,Tamnak Plai Noen (Wang Khlong Toei),OPERATIONAL,"1164 Rama IV Rd, Khlong Toei, Bangkok 10110, Thailand",13.7211784,100.5537186,ChIJ8adp6xef4jAR5pgO7D50tAA,4.6,49.0,tourist_attraction,premise,point_of_interest,establishment,,,,,,
393,Wat Prasat Nonthaburi,OPERATIONAL,"18 Bang Kruai - Sai Noi Rd, Bang Krang, Mueang Nonthaburi District, Nonthaburi 11000, Thailand",13.8391383,100.4518531,ChIJaxm76I-a4jARI8iT8mz3dlk,4.6,792.0,tourist_attraction,place_of_worship,point_of_interest,establishment,,,,,,
394,Phra Aphon Phimok Prasat Throne Hall,OPERATIONAL,"200 Maha Rat Rd, Phra Borom Maha Ratchawang, Phra Nakhon, Bangkok 10200, Thailand",13.7502893,100.4907749,ChIJC1LVKA-Z4jARdPRWZI0GeRo,4.4,25.0,point_of_interest,establishment,,,,,,,,
395,King Rama I Monument,OPERATIONAL,"Nai Mueang, Mueang Buri Ram District, Buri Ram 31000, Thailand",14.9866932,103.1046252,ChIJK_Gj1cmVGTERi1FfQ2cfjn4,4.6,521.0,tourist_attraction,point_of_interest,establishment,,,,,,,
396,King Taksin Monument,OPERATIONAL,"Old Library Building, Wat Arun, Bangkok Yai, Bangkok 10600, Thailand",13.7428598,100.4904403,ChIJxfy7HASZ4jAR2fzTTHXeJMk,4.4,11.0,point_of_interest,establishment,,,,,,,,
397,King Rama V Monument,OPERATIONAL,"Phrommani, Mueang Nakhon Nayok District, Nakhon Nayok 26000, Thailand",14.298099,101.166343,ChIJd7MUl6uwHTER3mItPEjvhy8,4.7,6.0,point_of_interest,establishment,,,,,,,,
398,Pong Patchamit Fort,OPERATIONAL,"881 Somdet Chao Phraya Rd, Khlong San, Bangkok 10600, Thailand",13.7315909,100.5107028,ChIJw5AL7t6Y4jARsFkjRGg2On8,3.0,1.0,tourist_attraction,point_of_interest,establishment,,,,,,,
399,Wonder World Extreme Park,OPERATIONAL,"41 Kanchanaphisek Rd, Khan Na Yao, Bangkok 10230, Thailand",13.81976,100.6781678,ChIJIfomjghjHTERbFLj9t81nK8,3.9,205.0,amusement_park,tourist_attraction,point_of_interest,establishment,,,,,,
400,Sai Mai Water Park,OPERATIONAL,"14 Thanon Phoem Sin, Ao Ngoen, Sai Mai, Bangkok 10220, Thailand",13.9046935,100.6552168,ChIJZ9qXvAV9HTERXxdMmqfVYq0,3.6,368.0,tourist_attraction,amusement_park,point_of_interest,establishment,,,,,,
401,Water Park Fun,OPERATIONAL,"Thepharak, Mueang Samut Prakan District, Samut Prakan 10280, Thailand",13.6083297,100.6524008,ChIJcV9XzzpfHTERr5wujgE77wY,4.0,313.0,amusement_park,point_of_interest,establishment,,,,,,,
402,Platinum Fashion Mall,OPERATIONAL,"222 แพลทินัม แฟชั่นมอลล์ ชั้น1 ห้อง221B, Phetchaburi Rd, Thanon Phaya Thai, Ratchathewi, Bangkok 10400, Thailand",13.7500629,100.5401049,ChIJZ3p9P8-e4jAROWTAP3o5qDM,4.3,21060.0,shopping_mall,point_of_interest,establishment,,,,,,,
403,Central World,OPERATIONAL,"4 4 4/1 2 Rama I Rd, Pathum Wan, Pathum Wan District, Bangkok 10330, Thailand",13.7457329,100.5392942,ChIJ4VX0ws-e4jARBGaQ2IACrcQ,4.5,48268.0,shopping_mall,point_of_interest,establishment,,,,,,,
404,Bangkok Fashion Outlet,OPERATIONAL,"919, 1 Si Lom, Silom, Bang Rak, Bangkok 10500, Thailand",13.7218249,100.5202222,ChIJP0Cg3M-Y4jAREeOcu1wPgWY,3.7,1267.0,shopping_mall,department_store,point_of_interest,store,establishment,,,,,
405,SIAM DISCOVERY,OPERATIONAL,"989 Phayathai Rd, Pathum Wan, Pathum Wan District, Bangkok 10330, Thailand",13.7466086,100.5314152,ChIJgUSJZM2e4jAREnHS1rSuWRk,4.4,16856.0,shopping_mall,point_of_interest,establishment,,,,,,,
406,River City BANGKOK,OPERATIONAL,"23 Soi Charoen Krung 24, Talat Noi, Samphanthawong, Bangkok 10100, Thailand",13.7301721,100.5132093,ChIJs_IRUdmY4jARWdUoXTGZweI,4.3,11180.0,shopping_mall,point_of_interest,establishment,,,,,,,
407,Central Chidlom,OPERATIONAL,"1027 Phloen Chit Rd, Lumphini, Pathum Wan District, Bangkok 10330, Thailand",13.7440648,100.5443437,ChIJGyDMPNue4jARWuBxOrnS5RQ,4.4,8366.0,shopping_mall,department_store,home_goods_store,point_of_interest,store,establishment,,,,
408,The Market Bangkok,OPERATIONAL,"111 Ratchadamri Rd, Lumphini, Pathum Wan District, Bangkok 10330, Thailand",13.7478277,100.5410563,ChIJ1x9xKhWY4jARkkQbHmI_TAI,4.2,1410.0,shopping_mall,beauty_salon,bakery,cafe,spa,restaurant,food,point_of_interest,store,establishment
409,The Emporium,OPERATIONAL,"622 Sukhumvit Rd, Khlong Tan, Khlong Toei, Bangkok 10110, Thailand",13.7301613,100.5686724,ChIJhfF-wgOf4jARwAQMPbMAAQ8,4.4,10063.0,shopping_mall,point_of_interest,establishment,,,,,,,
410,MBK Center,OPERATIONAL,"444 Phayathai Rd, Wang Mai, Pathum Wan District, Bangkok 10330, Thailand",13.7447109,100.5299944,ChIJ7TZ3I5Of4jAR3lZ2lx-zXkA,4.3,21470.0,shopping_mall,point_of_interest,establishment,,,,,,,
411,EmQuartier,OPERATIONAL,"46 Sukhumvit Rd, Khlong Tan Nuea, Watthana, Bangkok 10110, Thailand",13.7311901,100.5692384,ChIJcWLOjAGf4jARWrAvcZ1YFDM,4.5,16071.0,shopping_mall,point_of_interest,establishment,,,,,,,
412,Central Embassy,OPERATIONAL,"1031 Phloen Chit Rd, เเขวง ปทุมวัน Pathum Wan District, Bangkok 10330, Thailand",13.7439773,100.5458597,ChIJz_aVZ9ue4jAR9mXCLXqZstw,4.4,8814.0,shopping_mall,point_of_interest,establishment,,,,,,,
413,J.J Mall,OPERATIONAL,"588 Kamphaeng Phet 2 Rd, Chatuchak, Bangkok 10900, Thailand",13.8019063,100.5490098,ChIJQ2IA1xSc4jARPUC_qVZP9U4,4.1,10354.0,shopping_mall,point_of_interest,establishment,,,,,,,
414,Erawan Bangkok,OPERATIONAL,"494 Phloen Chit Rd, Pathum Wan, Pathum Wan District, Bangkok 10330, Thailand",13.7441914,100.5407641,ChIJGXVsXDqZ4jARV1PQncIC2mE,4.3,392.0,shopping_mall,point_of_interest,establishment,,,,,,,
415,Amarin Plaza,OPERATIONAL,"496, 502 Phloen Chit Rd, Lumphini, Pathum Wan District, Bangkok 10330, Thailand",13.7439979,100.5413947,ChIJ07E2m9qe4jARNi0un-C7wbw,4.0,4826.0,shopping_mall,point_of_interest,establishment,,,,,,,
416,Indra Square,OPERATIONAL,"Intra square shopping mall room 184,186 1'st floor Rajprarop Bangkok 10400, Thailand",13.749985,100.539608,ChIJi7fXn8ie4jARzQ45pT4zgpQ,4.1,1054.0,shopping_mall,point_of_interest,clothing_store,store,establishment,,,,,
417,ICONSIAM,OPERATIONAL,"299 Charoen Nakhon Rd, Khlong Ton Sai, Khlong San, Bangkok 10600, Thailand",13.7265909,100.5098542,ChIJFRjwgc2Z4jAR9JIadoa9YBY,4.6,21634.0,shopping_mall,point_of_interest,establishment,,,,,,,
418,Union Mall,OPERATIONAL,"54 ซอย ลาดพร้าว 1 Chom Phon, Chatuchak, Bangkok 10900, Thailand",13.8133637,100.5618612,ChIJ26Q5T0Wc4jAR_6-KmX4k2lA,4.2,10274.0,shopping_mall,point_of_interest,establishment,,,,,,,
419,Silom Complex,OPERATIONAL,"191 Si Lom, Khwaeng Silom, Bang Rak, Bangkok 10500, Thailand",13.728223,100.5351377,ChIJVcjmqy6f4jAR8IxVKD9-d2k,4.2,10075.0,shopping_mall,point_of_interest,establishment,,,,,,,
420,The Mall Bangkapi,OPERATIONAL,"3522 Lat Phrao Rd, Khlong Chan, Bang Kapi District, Bangkok 10240, Thailand",13.7660558,100.6424919,ChIJFYf_MI1hHTERmV2U89HVyko,4.4,16555.0,shopping_mall,point_of_interest,establishment,,,,,,,
421,Fortune Town,OPERATIONAL,"7 Ratchadaphisek Rd, Din Daeng, Bangkok 10400, Thailand",13.758045,100.5650372,ChIJaZ_TGEmd4jARSh-_q8-1gnw,4.2,9498.0,shopping_mall,point_of_interest,establishment,,,,,,,
422,K Village,OPERATIONAL,"93 95 Sukhumvit 26 Alley, เเขวง คลองตัน, Khlong Toei, Bangkok 10110, Thailand",13.7202827,100.5691208,ChIJL1jiygif4jARU-OLDRscF4Y,4.2,2017.0,shopping_mall,point_of_interest,establishment,,,,,,,
